id,Animal,Archway,Bicyclist,Bridge,Building,Car,CartLuggagePram,Child,Column_Pole,Fence,LaneMkgsDriv,LaneMkgsNonDriv,Misc_Text,MotorcycleScooter,OtherMoving,ParkingBlock,Pedestrian,Road,RoadShoulder,Sidewalk,SignSymbol,Sky,SUVPickupTruck,TrafficCone,TrafficLight,Train,Tree,Truck_Bus,Tunnel,VegetationMisc,Void,Wall
13,0.0,0.0005381944444444444,0.015402199074074073,0.0,0.28360243055555556,0.02666232638888889,0.0,0.0,0.006769386574074074,0.023697916666666666,0.02248263888888889,0.0,0.00785011574074074,0.0,0.005247395833333333,0.0,0.005079571759259259,0.2197164351851852,0.0,0.12298321759259259,0.0006626157407407407,0.08652199074074074,0.0,0.0,0.004813368055555556,0.0,0.1508058449074074,0.0017028356481481482,0.0,0.0,0.00882957175925926,0.006631944444444445
57,0.0,0.00045138888888888887,0.03996961805555556,0.0,0.18113859953703704,0.0,0.0,0.0011067708333333333,0.004775752314814815,0.04100694444444444,0.005966435185185185,0.0,0.0,0.0,0.016391782407407407,0.0,0.0069791666666666665,0.32398292824074076,0.0,0.06482783564814815,0.0,0.08390190972222222,0.0,0.0,0.005290798611111111,0.0,0.1893923611111111,0.006487268518518519,0.0,0.004059606481481482,0.004176793981481482,0.02009403935185185
66,0.0,0.0,0.019868344907407406,0.0,0.3042158564814815,0.008247974537037036,0.0,0.0,0.0040104166666666665,0.018660300925925927,0.017391493055555554,1.4467592592592592e-06,0.003732638888888889,0.0,0.003019386574074074,0.0,0.007105034722222223,0.2488035300925926,0.0,0.1068431712962963,0.0003153935185185185,0.08600694444444444,0.0,0.0,0.003084490740740741,0.0,0.1372193287037037,0.0006322337962962963,0.0,0.0,0.025787037037037035,0.005054976851851852
35,0.0,0.0,0.018839699074074075,0.0,0.2665697337962963,0.00018518518518518518,0.00026041666666666666,0.0009143518518518518,0.012366898148148148,0.025444155092592593,0.017408854166666668,0.0,0.004364872685185185,0.0,0.006576967592592593,0.0,0.006663773148148148,0.2597670717592593,0.0,0.1045457175925926,0.0012094907407407408,0.09897424768518519,0.0,0.0,0.00693431712962963,0.0,0.15035734953703703,0.0012254050925925926,0.0,0.0,0.0035127314814814817,0.013878761574074075
51,0.0,0.00021701388888888888,0.02767650462962963,0.0,0.2076345486111111,0.00018373842592592593,0.0,0.0015668402777777777,0.003084490740740741,0.05366030092592593,0.012591145833333333,0.0,0.0008116319444444445,0.0,0.005993923611111111,0.0,0.0006481481481481481,0.30551649305555556,0.0,0.06760706018518518,0.0003660300925925926,0.08732494212962963,0.0,0.0,0.002829861111111111,0.0,0.17979600694444445,0.004095775462962963,0.0,0.0,0.009988425925925927,0.028407118055555555
83,0.0,0.0,0.020895543981481482,0.0,0.31396412037037036,0.008640046296296297,0.0,0.00016782407407407406,0.003415798611111111,0.019285300925925924,0.020303819444444444,0.0,0.003998842592592593,0.0,0.0049710648148148144,0.0,0.009694733796296297,0.2522873263888889,0.0,0.10547164351851852,0.00029369212962962964,0.08271701388888889,0.0,0.0,0.0033116319444444443,0.0,0.14023003472222223,0.0006553819444444444,0.0,0.0016608796296296296,0.0025130208333333333,0.0055222800925925925
0,0.0,0.00042100694444444444,0.017197627314814813,0.0,0.3093995949074074,0.024427083333333332,0.0,0.000808738425925926,0.008627025462962963,0.022323495370370372,0.01818431712962963,0.0,0.0071498842592592595,0.0,0.005245949074074074,0.0,0.003642939814814815,0.22908854166666667,0.0,0.10119646990740741,0.0006872106481481482,0.0848828125,0.0,0.0,0.0052734375,0.0,0.13827835648148148,0.0015321180555555557,0.0,0.0,0.01404224537037037,0.007591145833333333
100,0.0,0.0006134259259259259,0.018399884259259258,0.0,0.2633420138888889,0.03391203703703704,0.0,0.0008174189814814815,0.008453414351851853,0.029205729166666666,0.016714409722222223,0.0,0.004741030092592593,0.0,0.004918981481481482,0.0,0.004631076388888889,0.24086950231481483,0.0,0.09135416666666667,0.0012065972222222222,0.0916869212962963,0.0,0.0,0.006610243055555556,0.0,0.15782118055555555,0.0013715277777777777,0.0,0.002951388888888889,0.007473958333333333,0.012905092592592593
48,0.0,0.0,0.014324363425925926,0.0,0.3000274884259259,0.05374565972222222,0.0,0.0006987847222222222,0.0031640625,0.018977141203703703,0.013356481481481481,0.0,0.0022786458333333335,0.0,0.0022294560185185186,0.0,0.0030208333333333333,0.260513599537037,0.0,0.08947482638888889,0.0002748842592592593,0.08280671296296296,0.0,0.0,0.0022627314814814815,0.0,0.14240017361111112,0.0005830439814814815,0.0,0.0014409722222222222,0.004564525462962963,0.003855613425925926
27,0.0,0.0003833912037037037,0.01578559027777778,0.0,0.2975173611111111,0.019402488425925925,0.0,0.0007711226851851852,0.0055613425925925926,0.024593460648148147,0.02037181712962963,0.0,0.005807291666666666,0.0,0.0050882523148148145,0.0,0.0035199652777777777,0.23116030092592593,0.0,0.10529369212962963,0.0004586226851851852,0.09491030092592592,0.0,0.0,0.0035315393518518517,0.0,0.14077546296296295,0.0015104166666666666,0.0,0.0,0.015598958333333333,0.007958622685185185
54,0.0,0.0004267939814814815,0.018447627314814814,0.0,0.25516059027777777,0.00015625,0.00020543981481481482,0.0009953703703703704,0.009641203703703704,0.027484085648148148,0.01945023148148148,0.0,0.0033854166666666668,0.0,0.006802662037037037,0.0,0.007524594907407408,0.25873119212962964,0.0,0.10274450231481481,0.0013859953703703703,0.10048177083333333,0.0,0.0,0.007649016203703704,0.0,0.15844907407407408,0.0014163773148148148,0.0,0.0,0.003958333333333334,0.015503472222222222
30,0.0,0.0,0.043729745370370374,0.0,0.18407841435185185,0.0,0.0,0.001427951388888889,0.005510706018518519,0.04377025462962963,0.012890625,0.0,0.0,0.0,0.01724537037037037,0.0,0.004943576388888889,0.32318142361111113,0.0,0.06085503472222222,0.0,0.07468460648148148,0.0,0.0,0.005617766203703704,0.0,0.19126157407407407,0.006263020833333333,0.0,0.004240451388888889,0.0010923032407407407,0.019207175925925926
11,0.0,0.0003935185185185185,0.027934027777777776,0.0,0.18935619212962962,0.0,0.0008810763888888889,0.0012094907407407408,0.0033159722222222223,0.025614872685185187,0.013135127314814815,0.0,0.0,0.0,0.017622974537037036,0.0,0.0081640625,0.30312355324074075,0.0,0.07071180555555556,0.0,0.10158854166666667,0.0,0.0,0.002991898148148148,0.0,0.19814525462962962,0.006616030092592593,0.0,0.005410879629629629,0.007767650462962963,0.01601707175925926
24,0.0,0.00032118055555555556,0.017977430555555556,0.0,0.2630642361111111,0.06900318287037037,0.0,0.0008478009259259259,0.005542534722222222,0.021591435185185186,0.013682002314814815,0.0,0.003424479166666667,0.0,0.0013093171296296297,0.0,0.005622106481481481,0.2318995949074074,0.0,0.09444878472222222,0.0009302662037037037,0.0953443287037037,0.0,0.0,0.005567129629629629,0.0,0.14773582175925926,0.001517650462962963,0.0,0.0,0.01470775462962963,0.005462962962962963
53,0.0,0.0002690972222222222,0.01744357638888889,0.0,0.1897583912037037,0.0,0.0,0.00125,0.0028153935185185187,0.05947193287037037,0.010067997685185185,0.0,0.000519386574074074,0.0,0.00911892361111111,0.0,0.0006799768518518519,0.3191218171296296,0.0,0.06158275462962963,0.0002748842592592593,0.09196614583333333,0.0,0.0,0.0023683449074074076,0.0,0.18983217592592594,0.0057002314814814815,0.0,0.0,0.008369502314814814,0.029389467592592592
65,0.0,0.0003385416666666667,0.0487572337962963,0.0,0.16450520833333335,0.0,0.0,0.0012514467592592592,0.0064670138888888885,0.05861255787037037,0.007076099537037037,0.0,0.0008116319444444445,0.0,0.007527488425925926,0.0,0.0005772569444444445,0.3302025462962963,0.0,0.05756655092592593,0.0005902777777777778,0.08417824074074073,0.0,0.0,0.006594328703703704,0.0,0.17939380787037038,0.006494502314814815,0.0,0.00037037037037037035,0.006546585648148148,0.03213831018518518
91,0.0,0.0004586226851851852,0.030690104166666666,0.0,0.1851953125,0.0,0.0004267939814814815,0.001312210648148148,0.003767361111111111,0.030983796296296297,0.006325231481481481,0.0,0.00042824074074074075,0.0,0.018486689814814813,0.0,0.007170138888888889,0.31399305555555557,0.0,0.06536747685185185,0.0,0.10001591435185185,0.0,0.0,0.0032407407407407406,0.0,0.19948640046296295,0.0069097222222222225,0.0,0.004416956018518519,0.006605902777777777,0.014719328703703703
87,0.0,0.0,0.017825520833333334,0.0,0.3037123842592593,0.008255208333333333,0.0,0.00017505787037037037,0.005160590277777778,0.01910300925925926,0.01925636574074074,0.0,0.0034852430555555557,0.0,0.0021339699074074073,0.0,0.00726417824074074,0.2620283564814815,0.0,0.10285445601851852,0.0001996527777777778,0.08303819444444445,0.0,0.0,0.0030280671296296297,0.0,0.14527199074074074,0.0,0.0,0.0,0.008608217592592593,0.008599537037037037
37,0.0,0.0007146990740740741,0.02572048611111111,0.0,0.17554542824074074,0.0,0.0006814236111111112,0.00109375,0.0031655092592592594,0.030160590277777777,0.022824074074074073,0.0,0.0,0.0,0.013314525462962964,0.0,0.024367766203703702,0.28671440972222223,0.0,0.07298466435185186,0.0,0.0985011574074074,0.0,0.0,0.010652488425925926,0.0,0.19792679398148147,0.006533564814814815,0.0,0.003754340277777778,0.007453703703703704,0.017890625
74,0.0,0.0005758101851851852,0.021145833333333332,0.0,0.19322048611111112,0.0,0.0,0.0012181712962962962,0.011980613425925926,0.031002604166666666,0.032566550925925926,0.0,0.0,0.0,0.010415219907407408,0.0,0.014385127314814814,0.26868055555555553,0.0,0.08221643518518519,0.0030107060185185185,0.09596498842592592,0.0,0.0,0.01670138888888889,0.0,0.18600405092592592,0.004735243055555556,0.0,0.002432002314814815,0.006417824074074074,0.017326388888888888
60,0.0,0.00040653935185185183,0.034479166666666665,0.0,0.1809982638888889,0.0,0.0004947916666666667,0.00140625,0.00369068287037037,0.03525028935185185,0.00701244212962963,0.0,0.0002850115740740741,0.0,0.017530381944444444,0.0,0.009697627314814815,0.3131886574074074,0.0,0.059058159722222225,0.0,0.10073206018518518,0.0,0.0,0.003978587962962963,0.0,0.19740740740740742,0.006598668981481481,0.0,0.0037196180555555554,0.007184606481481481,0.016880787037037038
31,0.0,0.00034722222222222224,0.026588541666666667,0.0,0.29963107638888886,0.012567997685185186,0.0,0.0004195601851851852,0.004803240740740741,0.019286747685185186,0.023161168981481482,0.0,0.004796006944444445,0.0,0.003436053240740741,0.0,0.005852141203703704,0.23980902777777777,0.0,0.10500144675925926,0.0003949652777777778,0.08725405092592593,0.0,0.0,0.003566261574074074,0.0,0.1452025462962963,0.0010344328703703705,0.0,0.0,0.011183449074074075,0.0056640625
5,0.0,0.0002763310185185185,0.01777633101851852,0.0,0.1830642361111111,0.0,3.7615740740740744e-05,0.0009910300925925926,0.003269675925925926,0.06022424768518519,0.008136574074074074,0.0,0.0003689236111111111,0.0,0.010972222222222222,0.0,0.0005772569444444445,0.323359375,0.0,0.06059027777777778,0.001103877314814815,0.09487123842592593,0.0,0.0,0.010102719907407407,0.0,0.18192563657407407,0.0062514467592592595,0.0,0.0,0.008119212962962963,0.027981770833333332
76,0.0,0.0005107060185185185,0.017722800925925927,0.0,0.26948784722222224,0.06422453703703704,0.0,0.0008203125,0.006752025462962963,0.02180121527777778,0.014328703703703703,0.0,0.004107349537037037,0.0,0.0025072337962962965,0.0,0.005102719907407407,0.23272135416666667,0.0,0.093515625,0.0008608217592592593,0.09409577546296297,0.0,0.0,0.0048943865740740744,0.0,0.14856336805555556,0.0016073495370370371,0.0,0.0,0.01175636574074074,0.004619502314814815
64,0.0,0.0005830439814814815,0.02003472222222222,0.0,0.2071021412037037,0.0,0.00029947916666666664,0.0012254050925925926,0.009732349537037038,0.03164207175925926,0.037274305555555554,0.0,0.0,0.0,0.010512152777777778,0.0,0.012748842592592593,0.25779658564814817,0.0,0.08825376157407408,0.0024522569444444444,0.09926359953703703,0.0,0.0,0.013870081018518518,0.0,0.18005208333333333,0.003978587962962963,0.0,0.0029615162037037036,0.003203125,0.017013888888888887
41,0.0,0.0,0.013324652777777777,0.0,0.2987326388888889,0.03833767361111111,0.00029658564814814814,0.0007089120370370371,0.002242476851851852,0.02224537037037037,0.012387152777777778,0.0,0.0018851273148148147,0.0,0.0005815972222222222,0.0,0.005114293981481482,0.26782407407407405,0.0,0.08852430555555556,0.0002199074074074074,0.08334635416666666,0.0,0.0,0.0020442708333333333,0.0,0.14673466435185184,0.0011747685185185186,0.0,0.0010807291666666667,0.005649594907407407,0.007544849537037037
46,0.0,0.00047019675925925923,0.016938657407407406,0.0,0.2724320023148148,0.043615451388888886,0.0,0.0006814236111111112,0.006325231481481481,0.02259982638888889,0.01603153935185185,0.0,0.00625,0.0,0.004011863425925926,0.0,0.004845196759259259,0.24199652777777778,0.0,0.10024450231481481,0.0006394675925925926,0.09028645833333333,0.0,0.0,0.004674479166666667,0.0,0.1478052662037037,0.0016927083333333334,0.0,0.0,0.011401909722222223,0.007057291666666667
7,0.0,0.0004803240740740741,0.01817853009259259,0.0,0.2642230902777778,0.04372685185185185,0.00018663194444444445,0.000865162037037037,0.006423611111111111,0.023812210648148147,0.014710648148148148,0.0,0.004147858796296296,0.0,0.005649594907407407,0.0,0.006223958333333333,0.23976851851851852,0.0,0.09651041666666667,0.0011328125,0.09652922453703704,0.0,0.0,0.006170428240740741,0.0,0.1546730324074074,0.0012630208333333332,0.0,0.001009837962962963,0.0057002314814814815,0.00861400462962963
50,0.0,0.00035734953703703704,0.01964554398148148,0.0,0.2235329861111111,0.0,0.0003385416666666667,0.0011024305555555555,0.007533275462962963,0.03105902777777778,0.027375578703703704,0.0,0.0,0.0,0.00980179398148148,0.0,0.010863715277777778,0.25698784722222223,0.0,0.09406684027777777,0.002126736111111111,0.10394097222222222,0.0,0.0,0.012042824074074074,0.0,0.17183883101851852,0.003142361111111111,0.0,0.002829861111111111,0.0038469328703703703,0.017566550925925926
39,0.0,0.00044560185185185187,0.016724537037037038,0.0,0.27877314814814813,0.037747395833333336,0.0,0.0007175925925925926,0.006442418981481481,0.02666232638888889,0.016818576388888888,0.0,0.006808449074074074,0.0,0.0018315972222222223,0.0,0.004754050925925926,0.23982928240740742,0.0,0.10001157407407407,0.0006626157407407407,0.0914134837962963,0.0,0.0,0.004619502314814815,0.0,0.1433738425925926,0.0016073495370370371,0.0,0.0,0.01285011574074074,0.007906539351851852
77,0.0,0.0003559027777777778,0.018993055555555555,0.0,0.24666666666666667,0.00022280092592592593,0.0003298611111111111,0.0010691550925925927,0.009344618055555556,0.028125,0.01961516203703704,0.0,0.0005917245370370371,0.0,0.008146701388888889,0.0,0.00838107638888889,0.26294270833333333,0.0,0.1009302662037037,0.0013266782407407407,0.09971788194444445,0.0,0.0,0.00833912037037037,0.0,0.1646484375,0.001953125,0.0,0.0014409722222222222,0.0037297453703703702,0.013129340277777778
14,0.0,0.000552662037037037,0.021701388888888888,0.0,0.18456163194444444,0.0,0.00041087962962962964,0.0010445601851851853,0.009693287037037037,0.03177083333333333,0.036556712962962964,0.0,0.0,0.0,0.011653645833333334,0.0,0.01601851851851852,0.26374855324074076,0.0,0.08209346064814815,0.003119212962962963,0.1006712962962963,0.0,0.0,0.01876591435185185,0.0,0.18653645833333332,0.0049638310185185185,0.0,0.001830150462962963,0.0064293981481481485,0.01787760416666667
80,0.0,0.0002748842592592593,0.02564814814814815,0.0,0.2031756365740741,0.0,0.0,0.0017578125,0.003002025462962963,0.0540234375,0.011983506944444444,0.0,0.0007855902777777777,0.0,0.0059635416666666665,0.0,0.0007436342592592593,0.31459346064814814,0.0,0.06577256944444444,0.00036458333333333335,0.08461082175925926,0.0,0.0,0.002699652777777778,0.0,0.18188802083333333,0.004389467592592592,0.0,0.0,0.008650173611111112,0.02967303240740741
3,0.0,0.0005266203703703703,0.019482060185185186,0.0,0.22780381944444444,0.00015625,0.0,0.0010474537037037037,0.010163483796296295,0.028988715277777778,0.025384837962962963,0.0,0.0,0.0,0.009208622685185186,0.0,0.010348668981481481,0.2573640046296296,0.0,0.09365306712962963,0.0019299768518518518,0.10531105324074073,0.0,0.0,0.011527777777777777,0.0,0.17083043981481483,0.0028877314814814816,0.0,0.002405960648148148,0.0039409722222222224,0.017038483796296296
12,0.0,0.0004398148148148148,0.0209765625,0.0,0.19990885416666668,0.0,0.0,0.001072048611111111,0.010626446759259259,0.030846354166666666,0.040691550925925926,0.0,0.0,0.0,0.009924768518518519,0.0,0.013410011574074074,0.25876302083333336,0.0,0.08489438657407407,0.0026938657407407406,0.09726128472222222,0.0,0.0,0.015389178240740741,0.0,0.18142216435185185,0.004402488425925926,0.0,0.001736111111111111,0.0074609375,0.018080150462962963
32,0.0,0.0,0.017433449074074073,0.0,0.3021122685185185,0.0061733217592592595,0.0,0.00030381944444444445,0.004140625,0.021439525462962964,0.014393807870370371,0.0,0.0027473958333333335,0.0,0.003103298611111111,0.0,0.004973958333333334,0.27378038194444443,0.0,0.09763020833333333,0.00013599537037037036,0.08178385416666667,0.0,0.0,0.002880497685185185,0.0,0.1322048611111111,0.0,0.0,0.0,0.025503472222222223,0.009259259259259259
71,0.0,0.0002850115740740741,0.019483506944444444,0.0,0.1956322337962963,0.0,0.0,0.0013787615740740741,0.0024291087962962964,0.05783130787037037,0.014898726851851852,0.0,0.0006655092592592592,0.0,0.004690393518518518,0.0,0.0006799768518518519,0.31221064814814814,0.0,0.06211226851851852,0.00038194444444444446,0.09053530092592593,0.0,0.0,0.0021339699074074073,0.0,0.18778211805555556,0.0050419560185185185,0.0,0.0,0.008738425925925926,0.03308883101851852
85,0.0,0.0,0.015276331018518519,0.0,0.30440827546296295,0.0065379050925925926,0.0,0.00020109953703703704,0.0048177083333333336,0.01978587962962963,0.016588541666666668,0.0,0.0034346064814814816,0.0,0.0030381944444444445,0.0,0.004989872685185185,0.2628096064814815,0.0,0.10406828703703704,0.0002314814814814815,0.08559172453703703,0.0,0.0,0.0018880208333333333,0.0,0.12768952546296297,0.0,0.0,0.0,0.02925636574074074,0.009386574074074073
33,0.0,0.00038194444444444446,0.018828125,0.0,0.22630208333333332,0.00020109953703703704,0.0003298611111111111,0.0011111111111111111,0.011798321759259258,0.027646122685185185,0.022437789351851853,0.0,0.0,0.0,0.008553240740740741,0.0,0.008870081018518518,0.2563975694444444,0.0,0.09700954861111111,0.0016710069444444444,0.10314091435185185,0.0,0.0,0.008893229166666667,0.0,0.17075810185185186,0.0024016203703703704,0.0,0.0019241898148148148,0.01548755787037037,0.015856481481481482
82,0.0,0.0,0.01695167824074074,0.0,0.30421730324074076,0.00646412037037037,0.0,0.0,0.0066695601851851855,0.02140769675925926,0.01857928240740741,0.0,0.0032450810185185187,0.0,0.002845775462962963,0.0,0.005967881944444444,0.2562991898148148,0.0,0.10344184027777778,0.00026475694444444447,0.08908564814814815,0.0,0.0,0.0027416087962962962,0.0,0.1310228587962963,0.0,0.0,0.0,0.022489872685185184,0.008305844907407408
25,0.0,0.0004166666666666667,0.018647280092592592,0.0,0.24561921296296296,0.0002097800925925926,0.00032841435185185187,0.001038773148148148,0.011555266203703703,0.02741608796296296,0.019169560185185185,0.0,0.001691261574074074,0.0,0.008181423611111112,0.0,0.007957175925925927,0.26112413194444445,0.0,0.10195167824074074,0.0014583333333333334,0.10070023148148148,0.0,0.0,0.007881944444444445,0.0,0.1611154513888889,0.0017954282407407407,0.0,0.0015219907407407406,0.004865451388888889,0.015354456018518519
55,0.0,0.0004571759259259259,0.023268229166666668,0.0,0.3019632523148148,0.01120949074074074,0.0,0.00017361111111111112,0.004225983796296296,0.019029224537037037,0.018070023148148148,0.0,0.003919270833333334,0.0,0.002880497685185185,0.0,0.007058738425925926,0.24870949074074075,0.0,0.10698061342592592,0.00038773148148148147,0.0890943287037037,0.0,0.0,0.0036241319444444446,0.0,0.13912037037037037,0.0010112847222222222,0.0,0.0,0.012269965277777777,0.006546585648148148
9,0.0,0.00043402777777777775,0.027543402777777778,0.0,0.18519097222222222,0.0,0.0007740162037037037,0.0012239583333333334,0.0032060185185185186,0.029252025462962964,0.025674189814814816,0.0,0.0,0.0,0.01572193287037037,0.0,0.014305555555555556,0.2880729166666667,0.0,0.07060329861111111,0.0,0.1012355324074074,0.0,0.0,0.0028660300925925928,0.0,0.19871961805555555,0.006657986111111111,0.0,0.005543981481481481,0.006061921296296296,0.016912615740740742
4,0.0,0.0,0.014956597222222222,0.0,0.29846354166666667,0.01466579861111111,0.0,0.0006814236111111112,0.0035026041666666665,0.024736689814814816,0.015127314814814816,0.0,0.0025535300925925925,0.0,0.003628472222222222,0.0,0.0048090277777777775,0.27088831018518517,0.0,0.10212528935185185,0.0002907986111111111,0.08258391203703704,0.0,0.0,0.0025434027777777777,0.0,0.14310474537037038,0.0002546296296296296,0.0,0.0,0.0038585069444444444,0.011225405092592592
96,0.0,0.00022569444444444443,0.05342158564814815,0.0,0.16556568287037038,0.0,0.0,0.0012239583333333334,0.006059027777777778,0.05414641203703704,0.006085069444444444,0.0,0.0007450810185185185,0.0,0.009623842592592592,0.0,0.0005685763888888889,0.3310532407407407,0.0,0.05683883101851852,0.00047743055555555554,0.08287471064814815,0.0,0.0,0.006361400462962963,0.0,0.17958333333333334,0.006650752314814815,0.0,0.0014453125,0.006199363425925926,0.030850694444444444
93,0.0,0.00031684027777777776,0.018328993055555555,0.0,0.24498408564814814,0.00018229166666666667,0.00035445601851851854,0.0009780092592592592,0.01038917824074074,0.027637442129629628,0.022048611111111113,0.0,0.0,0.0,0.00853587962962963,0.0,0.008423032407407407,0.25861689814814814,0.0,0.10025462962962962,0.0017418981481481482,0.10189525462962963,0.0,0.0,0.008619791666666666,0.0,0.16409143518518518,0.0020442708333333333,0.0,0.0017288773148148148,0.004791666666666666,0.014036458333333333
16,0.0,0.0,0.019995659722222222,0.0,0.30911747685185187,0.008504050925925925,0.0,0.0,0.004978298611111111,0.02138310185185185,0.023676215277777777,0.0,0.0036458333333333334,0.0,0.002259837962962963,0.0,0.00818431712962963,0.26003472222222224,0.0,0.09602430555555555,0.00021122685185185185,0.0897873263888889,0.0,0.0,0.0027604166666666667,0.0,0.14019675925925926,0.0,0.0,0.0,0.00031105324074074076,0.008929398148148148
59,0.0,0.0004267939814814815,0.038475115740740744,0.0,0.17695601851851853,0.0,0.0004586226851851852,0.0015494791666666667,0.0038252314814814815,0.03859664351851852,0.006098090277777778,0.0,0.0003226273148148148,0.0,0.017922453703703704,0.0,0.009780092592592592,0.3198813657407407,0.0,0.058833912037037035,0.0,0.09470630787037038,0.0,0.0,0.004377893518518519,0.0,0.19368055555555555,0.006478587962962963,0.0,0.0027054398148148146,0.0052980324074074076,0.019626736111111112
67,0.0,0.0002589699074074074,0.020852141203703704,0.0,0.1976027199074074,0.0,0.0,0.001579861111111111,0.0025361689814814817,0.05798466435185185,0.013833912037037037,0.0,0.0006394675925925926,0.0,0.004195601851851852,0.0,0.000925925925925926,0.31526331018518516,0.0,0.06584490740740741,0.0002763310185185185,0.09008825231481482,0.0,0.0,0.002345196759259259,0.0,0.18015046296296297,0.004777199074074074,0.0,0.0,0.009390914351851852,0.03145399305555555
63,0.0,0.0003385416666666667,0.016319444444444445,0.0,0.29175636574074076,0.02341869212962963,0.0,0.0007074652777777778,0.0069921875,0.023213252314814813,0.0184765625,0.0,0.0068243634259259256,0.0,0.0054904513888888885,0.0,0.0036863425925925926,0.23445167824074073,0.0,0.1046556712962963,0.0004658564814814815,0.0976953125,0.0,0.0,0.003977141203703704,0.0,0.14326388888888889,0.001456886574074074,0.0,0.0,0.010114293981481481,0.006695601851851852
6,0.0,0.0005121527777777778,0.01740451388888889,0.0,0.2725419560185185,0.050387731481481485,0.0,0.0007233796296296296,0.005921585648148148,0.022728587962962964,0.014444444444444444,0.0,0.005896990740740741,0.0,0.0025260416666666665,0.0,0.005052083333333333,0.23856626157407407,0.0,0.09687789351851851,0.0007711226851851852,0.09080005787037038,0.0,0.0,0.004939236111111111,0.0,0.15051215277777777,0.0016218171296296297,0.0,0.0,0.011793981481481482,0.005978009259259259
69,0.0,0.00038049768518518516,0.022003761574074073,0.0,0.29922309027777777,0.014891493055555555,0.0,0.0005787037037037037,0.005221354166666667,0.022744502314814816,0.021822916666666668,0.0,0.005121527777777778,0.0,0.0062282986111111115,0.0,0.0033000578703703703,0.23835503472222222,0.0,0.10586371527777778,0.0005324074074074074,0.0928587962962963,0.0,0.0,0.004008969907407407,0.0,0.1413917824074074,0.0013035300925925927,0.0,0.0,0.007867476851851851,0.006302083333333333
47,0.0,0.0004832175925925926,0.020405092592592593,0.0,0.2152879050925926,0.0,0.00033130787037037037,0.0011140046296296297,0.007601273148148148,0.03102141203703704,0.032293113425925925,0.0,0.0,0.0,0.010444155092592593,0.0,0.011673900462962962,0.26233217592592595,0.0,0.09079137731481482,0.0023929398148148148,0.09795283564814815,0.0,0.0,0.012861689814814815,0.0,0.1759418402777778,0.0035734953703703705,0.0,0.0026953125,0.0029991319444444445,0.017803819444444445
92,0.0,0.0006163194444444444,0.022154224537037037,0.0,0.17780381944444446,0.0,0.0,0.0011313657407407407,0.010094039351851852,0.031206597222222222,0.03936342592592593,0.0,0.0,0.0,0.0103515625,0.0,0.01806568287037037,0.2630164930555556,0.0,0.08045138888888889,0.0034939236111111113,0.101953125,0.0,0.0,0.02058304398148148,0.0,0.18634114583333333,0.005679976851851852,0.0,0.0017375578703703704,0.007680844907407407,0.018275462962962962
40,0.0,0.0005309606481481481,0.016380208333333333,0.0,0.2982798032407407,0.02036892361111111,4.9189814814814815e-05,0.0008159722222222223,0.005166377314814815,0.02361834490740741,0.018917824074074073,0.0,0.0064207175925925924,0.0,0.0057074652777777775,0.0,0.00365162037037037,0.23174623842592593,0.0,0.10690972222222223,0.0007971643518518519,0.09750144675925926,0.0,0.0,0.004263599537037037,0.0,0.14225260416666666,0.0014916087962962962,0.0,0.0,0.008025173611111111,0.007105034722222223
75,0.0,0.0,0.018462094907407408,0.0,0.30492332175925924,0.00732494212962963,0.0,0.0,0.005004340277777778,0.02205439814814815,0.01945167824074074,0.0,0.003550347222222222,0.0,0.002058738425925926,0.0,0.006953125,0.2595167824074074,0.0,0.1025925925925926,0.00013165509259259258,0.09114293981481482,0.0,0.0,0.0033289930555555555,0.0,0.13451244212962962,0.0,0.0,0.0,0.010677083333333334,0.008314525462962963
28,0.0,0.0,0.016357060185185186,0.0,0.3106351273148148,0.005587384259259259,0.0,0.0004224537037037037,0.0036574074074074074,0.02330295138888889,0.017414641203703705,0.0,0.0026374421296296298,0.0,0.0030787037037037037,0.0,0.004535590277777778,0.28228298611111113,0.0,0.09709346064814815,0.00029947916666666664,0.08256221064814814,0.0,0.0,0.00271556712962963,0.0,0.13395688657407406,0.0,0.0,0.0,0.002990451388888889,0.010470196759259259
45,0.0,0.00040075231481481483,0.018975694444444444,0.0,0.25938368055555555,0.00019097222222222223,0.00020688657407407407,0.0009953703703703704,0.00988425925925926,0.02588107638888889,0.017319155092592593,0.0,0.0038151041666666667,0.0,0.00689525462962963,0.0,0.007139756944444444,0.2596759259259259,0.0,0.10333478009259259,0.001166087962962963,0.09890480324074075,0.0,0.0,0.007604166666666667,0.0,0.1595529513888889,0.0013165509259259259,0.0,0.0,0.0018012152777777779,0.015555555555555555
20,0.0,0.000396412037037037,0.022387152777777777,0.0,0.19663917824074073,0.0,0.0,0.0016131365740740741,0.003096064814814815,0.05733506944444444,0.014205729166666667,0.0,0.0008043981481481482,0.0,0.0044907407407407405,0.0,0.0007537615740740741,0.32122395833333334,0.0,0.06448350694444445,0.00030671296296296295,0.08435763888888889,0.0,0.0,0.002377025462962963,0.0,0.17931568287037036,0.00474537037037037,0.0,0.0,0.008346354166666667,0.03312210648148148
86,0.0,0.0002314814814814815,0.02162326388888889,0.0,0.3090277777777778,0.010321180555555556,4.6296296296296294e-05,0.00015046296296296297,0.004891493055555555,0.019066840277777778,0.020999710648148148,0.0,0.003511284722222222,0.0,0.0033289930555555555,0.0,0.0068243634259259256,0.24902199074074075,0.0,0.10339554398148149,0.0004267939814814815,0.08988570601851852,0.0,0.0,0.0026056134259259257,0.0,0.13919126157407408,0.000993923611111111,0.0,0.0,0.007997685185185186,0.006458333333333333
95,0.0,0.0,0.013269675925925926,0.0,0.29663917824074076,0.03348524305555556,0.0002719907407407407,0.0006582754629629629,0.0021397569444444446,0.024048032407407407,0.012212094907407408,0.0,0.001820023148148148,0.0,0.0005107060185185185,0.0,0.005232928240740741,0.27099392361111113,0.0,0.08829716435185185,0.00019097222222222223,0.08713686342592593,0.0,0.0,0.0020891203703703705,0.0,0.14695457175925927,0.001495949074074074,0.0,0.0008854166666666666,0.002432002314814815,0.009236111111111112
97,0.0,0.0004441550925925926,0.01859230324074074,0.0,0.2504094328703704,0.0001880787037037037,0.0002719907407407407,0.00109375,0.012087673611111112,0.026456886574074075,0.01843315972222222,0.0,0.0025028935185185184,0.0,0.007511574074074074,0.0,0.007599826388888889,0.2607132523148148,0.0,0.10307581018518519,0.0013816550925925925,0.09591579861111112,0.0,0.0,0.007688078703703704,0.0,0.1654195601851852,0.0016087962962962963,0.0,0.001646412037037037,0.003174189814814815,0.013784722222222223
56,0.0,0.0003790509259259259,0.016558159722222222,0.0,0.2816652199074074,0.03243489583333333,0.0,0.0007783564814814814,0.006997974537037037,0.022583912037037038,0.018414351851851852,0.0,0.007080439814814815,0.0,0.0052517361111111115,0.0,0.004537037037037037,0.2376634837962963,0.0,0.10131221064814815,0.00046440972222222223,0.09466001157407407,0.0,0.0,0.0042274305555555555,0.0,0.1461009837962963,0.0015755208333333333,0.0,0.0,0.010685763888888889,0.006629050925925926
98,0.0,0.0005439814814814814,0.02392650462962963,0.0,0.17098813657407408,0.0,0.0006119791666666667,0.0011241319444444445,0.0024262152777777776,0.031154513888888888,0.02548900462962963,0.0,0.0,0.0,0.01376736111111111,0.0,0.023077256944444444,0.2851316550925926,0.0,0.0727488425925926,0.0,0.10368200231481481,0.0,0.0,0.018877314814814816,0.0,0.19320746527777777,0.006453993055555556,0.0,0.001814236111111111,0.00724681712962963,0.017728587962962963
44,0.0,0.0005164930555555555,0.023080150462962964,0.0,0.1722554976851852,0.0,0.0004499421296296296,0.0011125578703703703,0.0023524305555555555,0.031179108796296297,0.03212384259259259,0.0,0.0,0.0,0.012492766203703704,0.0,0.020873842592592593,0.2779947916666667,0.0,0.07426938657407407,0.0,0.10069444444444445,0.0,0.0,0.025122974537037036,0.0,0.1912528935185185,0.006448206018518519,0.0,0.0018778935185185185,0.007131076388888889,0.018771701388888888
81,0.0,0.00030092592592592595,0.024331597222222223,0.0,0.2001851851851852,0.0,0.0,0.001673900462962963,0.002722800925925926,0.05643229166666667,0.012200520833333334,0.0,0.0007769097222222222,0.0,0.004945023148148148,0.0,0.0005772569444444445,0.31983072916666666,0.0,0.066484375,0.00031105324074074076,0.08115596064814815,0.0,0.0,0.0025477430555555557,0.0,0.18252025462962962,0.004548611111111111,0.0,0.0,0.008816550925925926,0.029638310185185184
36,0.0,0.000546875,0.025413773148148147,0.0,0.297890625,0.013446180555555555,0.0,0.0004933449074074074,0.005445601851851852,0.02159866898148148,0.02392361111111111,0.0,0.004733796296296297,0.0,0.0032841435185185187,0.0,0.003370949074074074,0.2377387152777778,0.0,0.10558015046296296,0.00040798611111111114,0.09270978009259259,0.0,0.0,0.003833912037037037,0.0,0.13947048611111112,0.0012297453703703704,0.0,0.0,0.012592592592592593,0.0062890625
49,0.0,0.0002922453703703704,0.021086516203703703,0.0,0.31245515046296296,0.009619502314814815,0.0,0.00016782407407407406,0.002978877314814815,0.019380787037037037,0.018072916666666668,0.0,0.004074074074074074,0.0,0.0043359375,0.0,0.009263599537037037,0.251517650462963,0.0,0.10583767361111111,0.00035300925925925924,0.09032407407407407,0.0,0.0,0.0034968171296296297,0.0,0.13768663194444444,0.0007421875,0.0,0.0005946180555555556,0.0012239583333333334,0.006495949074074074
84,0.0,0.0,0.02380642361111111,0.0,0.29801215277777776,0.011772280092592593,0.0,0.0003443287037037037,0.004675925925925926,0.019385127314814815,0.020089699074074076,0.0,0.004295428240740741,0.0,0.0036226851851851854,0.0,0.006908275462962963,0.2457175925925926,0.0,0.10501736111111111,0.0005353009259259259,0.08913773148148148,0.0,0.0,0.003521412037037037,0.0,0.14171875,0.0010517939814814815,0.0,0.0,0.014482060185185185,0.005905671296296296
94,0.0,0.0004557291666666667,0.018518518518518517,0.0,0.2778703703703704,0.06741608796296296,0.0,0.0007045717592592593,0.008370949074074074,0.030817418981481482,0.017570891203703705,0.0,0.003839699074074074,0.0,0.0008796296296296296,0.0,0.005144675925925926,0.22940248842592592,0.0,0.09870370370370371,0.0009982638888888888,0.07911458333333334,0.0,0.0,0.004930555555555555,0.0,0.14523582175925925,0.0015133101851851852,0.0,0.0,0.004363425925925926,0.004149305555555555
73,0.0,0.0,0.01437355324074074,0.0,0.29907118055555554,0.0603515625,5.208333333333334e-05,0.0007494212962962963,0.002384259259259259,0.019500868055555554,0.012915219907407408,0.0,0.0023017939814814815,0.0,0.0014670138888888888,0.0,0.0022916666666666667,0.2600737847222222,0.0,0.08502893518518519,0.00023871527777777777,0.07969762731481482,0.0,0.0,0.0023350694444444443,0.0,0.14791811342592592,0.0007378472222222222,0.0,0.0,0.005717592592592593,0.0027936921296296295
88,0.0,0.00020833333333333335,0.018544560185185185,0.0,0.19208912037037038,0.0,0.0,0.0014626736111111112,0.002432002314814815,0.059283854166666664,0.011089409722222223,0.0,0.0006452546296296296,0.0,0.007803819444444445,0.0,0.0006452546296296296,0.3166724537037037,0.0,0.06451822916666666,0.0002589699074074074,0.09163917824074073,0.0,0.0,0.002214988425925926,0.0,0.18840422453703703,0.005248842592592592,0.0,0.0,0.007278645833333333,0.029560185185185186
99,0.0,0.0003587962962962963,0.028968460648148148,0.0,0.1920240162037037,0.0,0.0,0.0013541666666666667,0.0034910300925925924,0.02763599537037037,0.008360821759259259,0.0,0.0,0.0,0.017449363425925925,0.0,0.006218171296296296,0.3102126736111111,0.0,0.06983940972222222,0.0,0.09744936342592593,0.0,0.0,0.003425925925925926,0.0,0.19899305555555555,0.00669849537037037,0.0,0.005666956018518518,0.007622974537037037,0.014230324074074074
43,0.0,0.0,0.01703125,0.0,0.2971657986111111,0.007612847222222222,0.0,0.0001663773148148148,0.004691840277777777,0.02121238425925926,0.016235532407407407,0.0,0.0033405671296296295,0.0,0.002181712962962963,0.0,0.006047453703703703,0.26034866898148146,0.0,0.10701967592592593,0.00022569444444444443,0.0925535300925926,0.0,0.0,0.0026302083333333334,0.0,0.13446903935185187,0.0,0.0,0.0,0.018138020833333334,0.008929398148148148
78,0.0,0.0004499421296296296,0.029678819444444445,0.0,0.18837094907407406,0.0,0.0,0.0011921296296296296,0.0037688078703703703,0.029208622685185186,0.007570891203703704,0.0,0.0,0.0,0.018764467592592593,0.0,0.006578414351851852,0.31193431712962966,0.0,0.06598234953703704,0.0,0.09569299768518519,0.0,0.0,0.0033463541666666667,0.0,0.2037210648148148,0.006967592592592593,0.0,0.0,0.011127025462962964,0.01564525462962963
79,0.0,0.0002748842592592593,0.04406828703703704,0.0,0.17028935185185184,0.0,0.0,0.0014467592592592592,0.006697048611111111,0.05997685185185185,0.006472800925925926,0.0,0.0003616898148148148,0.0,0.00793113425925926,0.0,0.0007016782407407408,0.3194140625,0.0,0.058114872685185184,0.0007725694444444444,0.0868894675925926,0.0,0.0,0.007065972222222223,0.0,0.18794560185185186,0.006393229166666667,0.0,0.0,0.007044270833333333,0.02813946759259259
62,0.0,0.00033998842592592593,0.01804832175925926,0.0,0.2665234375,0.0678443287037037,0.0,0.0008015046296296297,0.006533564814814815,0.022570891203703702,0.013327546296296296,0.0,0.003472222222222222,0.0,0.001902488425925926,0.0,0.0052893518518518515,0.2326490162037037,0.0,0.09400896990740741,0.0008969907407407407,0.09491608796296297,0.0,0.0,0.005451388888888889,0.0,0.14650752314814816,0.0015480324074074075,0.0,0.0,0.01345775462962963,0.003910590277777778
19,0.0,0.0005642361111111111,0.01767939814814815,0.0,0.2710416666666667,0.058854166666666666,0.0,0.0007841435185185185,0.0057465277777777775,0.02314959490740741,0.01252170138888889,0.0,0.004916087962962963,0.0,0.002116608796296296,0.0,0.005054976851851852,0.2381206597222222,0.0,0.09483072916666667,0.0007638888888888889,0.09312934027777778,0.0,0.0,0.005062210648148148,0.0,0.14721643518518518,0.0015639467592592593,0.0,0.0,0.010876736111111111,0.006006944444444444
70,0.0,0.0005497685185185186,0.02234519675925926,0.0,0.17791666666666667,0.0,0.0005179398148148148,0.0011255787037037037,0.0025072337962962965,0.031872106481481484,0.03511863425925926,0.0,0.0,0.0,0.011666666666666667,0.0,0.01925636574074074,0.2696166087962963,0.0,0.07803385416666667,0.003396990740740741,0.10184751157407407,0.0,0.0,0.022239583333333333,0.0,0.18894675925925927,0.006096643518518519,0.0,0.0017057291666666666,0.006966145833333334,0.018274016203703704
10,0.0,0.0,0.015316840277777778,0.0,0.2999204282407407,0.0061892361111111115,0.0,0.000390625,0.004448784722222222,0.023072916666666665,0.016147280092592593,0.0,0.002663483796296296,0.0,0.003667534722222222,0.0,0.005096932870370371,0.2784157986111111,0.0,0.09604166666666666,0.00014178240740740742,0.08371672453703703,0.0,0.0,0.0021860532407407406,0.0,0.1324884259259259,0.0,0.0,0.0,0.02175925925925926,0.008336226851851852
17,0.0,0.0003153935185185185,0.017893518518518517,0.0,0.25614438657407407,0.05186631944444445,0.0,0.000792824074074074,0.006668113425925926,0.023625578703703704,0.01345775462962963,0.0,0.004014756944444444,0.0,0.005150462962962963,0.0,0.006394675925925926,0.23903645833333334,0.0,0.09641782407407408,0.0009736689814814815,0.09798032407407407,0.0,0.0,0.006053240740740741,0.0,0.14813657407407407,0.001361400462962963,0.0,0.0,0.01743923611111111,0.006277488425925926
18,0.0,0.0,0.01458912037037037,0.0,0.2950419560185185,0.04217013888888889,0.0,0.0007638888888888889,0.0034794560185185184,0.01943287037037037,0.014521122685185186,0.0,0.0023408564814814815,0.0,0.0031987847222222222,0.0,0.004435763888888889,0.264224537037037,0.0,0.09246527777777777,0.0002951388888888889,0.08025318287037037,0.0,0.0,0.002455150462962963,0.0,0.1453515625,0.0006843171296296297,0.0,0.0013107638888888889,0.008119212962962963,0.004866898148148148
89,0.0,0.0002922453703703704,0.01603153935185185,0.0,0.3005888310185185,0.016789641203703704,0.0,0.0006553819444444444,0.0056640625,0.02419994212962963,0.020863715277777778,0.0,0.005248842592592592,0.0,0.005779803240740741,0.0,0.0035474537037037037,0.23624710648148148,0.0,0.10275462962962963,0.0005541087962962963,0.09588252314814814,0.0,0.0,0.003693576388888889,0.0,0.14090277777777777,0.001572627314814815,0.0,0.0,0.011218171296296296,0.007513020833333333
21,0.0,0.00046440972222222223,0.016461226851851852,0.0,0.29737268518518517,0.01570457175925926,0.0,0.0007566550925925926,0.006008391203703703,0.024402488425925926,0.022841435185185187,0.0,0.005224247685185185,0.0,0.006317997685185185,0.0,0.0035807291666666665,0.2361617476851852,0.0,0.10788483796296296,0.0004152199074074074,0.09359953703703704,0.0,0.0,0.003878761574074074,0.0,0.14139322916666666,0.0012717013888888888,0.0,0.0,0.009813368055555556,0.006446759259259259
22,0.0,0.0003732638888888889,0.018036747685185185,0.0,0.2585749421296296,0.06172019675925926,0.0,0.0008564814814814815,0.006795428240740741,0.02174189814814815,0.014347511574074073,0.0,0.0033579282407407408,0.0,0.0031611689814814814,0.0,0.006236979166666667,0.2351244212962963,0.0,0.09483940972222223,0.000931712962962963,0.09134837962962963,0.0,0.0,0.0058478009259259256,0.0,0.1523755787037037,0.0015031828703703704,0.0,0.0,0.017547743055555554,0.005279224537037037
52,0.0,0.0005439814814814814,0.02646122685185185,0.0,0.18740596064814816,0.0,0.0013483796296296297,0.0011964699074074074,0.0024782986111111112,0.030065104166666665,0.019495081018518517,0.0,0.0,0.0,0.01468894675925926,0.0,0.01591290509259259,0.2912225115740741,0.0,0.07298900462962964,0.0,0.10317274305555556,0.0,0.0,0.0026417824074074074,0.0,0.1944429976851852,0.006724537037037037,0.0,0.004447337962962963,0.0067578125,0.01800491898148148
8,0.0,0.0005107060185185185,0.03202980324074074,0.0,0.18190248842592593,0.0,0.0005107060185185185,0.0013874421296296295,0.003459201388888889,0.032690972222222225,0.007262731481481481,0.0,0.00037181712962962966,0.0,0.01839699074074074,0.0,0.008385416666666666,0.31167390046296295,0.0,0.0638035300925926,0.0,0.09878761574074074,0.0,0.0,0.003666087962962963,0.0,0.20072337962962963,0.006831597222222222,0.0,0.004991319444444444,0.006014178240740741,0.01660011574074074
42,0.0,0.0,0.016085069444444444,0.0,0.29983506944444444,0.00540943287037037,0.0,0.0003023726851851852,0.0040422453703703705,0.024305555555555556,0.020687210648148147,0.0,0.0027604166666666667,0.0,0.0027473958333333335,0.0,0.004772858796296296,0.2674001736111111,0.0,0.10223668981481482,0.0002850115740740741,0.08402922453703704,0.0,0.0,0.002377025462962963,0.0,0.13137008101851852,0.0,0.0,0.0,0.021666666666666667,0.0096875
29,0.0,0.0001996527777777778,0.01638888888888889,0.0,0.18532841435185185,0.0,0.0,0.0013179976851851853,0.0026808449074074074,0.05996238425925926,0.008470775462962963,0.0,0.0004759837962962963,0.0,0.011299189814814814,0.0,0.0006076388888888889,0.32342881944444446,0.0,0.06401186342592592,0.0016391782407407407,0.09161313657407408,0.0,0.0,0.0048046875,0.0,0.18865451388888888,0.005671296296296297,0.0,0.0,0.007556423611111111,0.025888310185185184
34,0.0,0.0,0.014372106481481482,0.0,0.2929673032407407,0.030872395833333333,0.0,0.0006886574074074074,0.002955729166666667,0.021763599537037038,0.013661747685185185,0.0,0.0025028935185185184,0.0,0.0031987847222222222,0.0,0.004891493055555555,0.2679108796296296,0.0,0.09724247685185185,0.00032118055555555556,0.07990885416666667,0.0,0.0,0.0023032407407407407,0.0,0.1468359375,0.0006090856481481481,0.0,0.0015306712962962963,0.008138020833333334,0.00732494212962963
1,0.0,0.0002546296296296296,0.025337094907407407,0.0,0.17744936342592593,0.0,2.4594907407407408e-05,0.0013483796296296297,0.008734085648148149,0.05938657407407407,0.0067086226851851855,0.0,0.0005324074074074074,0.0,0.009227430555555555,0.0,0.0008579282407407407,0.3194704861111111,0.0,0.06220775462962963,0.0013932291666666667,0.09536603009259259,0.0,0.0,0.008940972222222222,0.0,0.18327546296296296,0.006131365740740741,0.0,0.0,0.008046875,0.02530671296296296
26,0.0,0.00023292824074074074,0.04680121527777778,0.0,0.1692216435185185,0.0,0.0005946180555555556,0.0013917824074074073,0.00435619212962963,0.047942708333333334,0.006095196759259259,0.0,0.0007320601851851852,0.0,0.014714988425925926,0.0,0.0025,0.33392650462962964,0.0,0.05919560185185185,0.00037037037037037035,0.08605324074074074,0.0,0.0,0.005625,0.0,0.17906539351851852,0.006022858796296296,0.0,0.0028342013888888887,0.0062818287037037035,0.026041666666666668
72,0.0,0.0008666087962962963,0.018294270833333334,0.0,0.2563179976851852,0.020222800925925925,0.0,0.0,0.011260127314814815,0.026352719907407406,0.021535011574074073,0.0,0.005306712962962963,0.0,0.00576099537037037,0.0,0.006999421296296296,0.2396918402777778,0.0,0.1002097800925926,0.0014482060185185186,0.09631944444444444,0.0,0.0,0.007712673611111111,0.0,0.15827256944444446,0.0013266782407407407,0.0,0.0024030671296296296,0.0061328125,0.013566261574074074
2,0.0,0.0006293402777777778,0.04974826388888889,0.0,0.16746961805555555,0.0,0.00046440972222222223,0.0015118634259259258,0.005888310185185185,0.050070891203703706,0.005959201388888889,0.0,0.0003486689814814815,0.0,0.01208912037037037,0.0,0.0010691550925925927,0.33588396990740743,0.0,0.057411747685185185,0.0005859375,0.0833130787037037,0.0,0.0,0.005708912037037037,0.0,0.1800564236111111,0.006571180555555556,0.0,0.0018431712962962963,0.00634837962962963,0.027028356481481483
61,0.0,0.0004398148148148148,0.03634693287037037,0.0,0.17825520833333333,0.0,0.0005121527777777778,0.0013990162037037037,0.004457465277777778,0.03593315972222222,0.007171585648148148,0.0,0.00032407407407407406,0.0,0.018246527777777778,0.0,0.010444155092592593,0.31377604166666667,0.0,0.05872829861111111,0.0,0.09944444444444445,0.0,0.0,0.004223090277777778,0.0,0.19543113425925926,0.0064988425925925925,0.0,0.0024971064814814817,0.007113715277777778,0.018757233796296298
68,0.0,0.0004904513888888889,0.01888744212962963,0.0,0.23387152777777778,0.00015335648148148148,0.0004427083333333333,0.0011414930555555555,0.012074652777777778,0.028022280092592593,0.023823784722222224,0.0,0.0,0.0,0.008841145833333333,0.0,0.009526909722222223,0.25541377314814817,0.0,0.09727864583333333,0.001935763888888889,0.10583478009259259,0.0,0.0,0.01072482638888889,0.0,0.16767361111111112,0.0025593171296296297,0.0,0.002219328703703704,0.0039872685185185185,0.01509693287037037
38,0.0,0.0,0.014030671296296296,0.0,0.29963975694444445,0.05647135416666667,3.616898148148148e-05,0.0007971643518518519,0.0025260416666666665,0.020891203703703703,0.01160445601851852,0.0,0.0020732060185185185,0.0,0.0013700810185185185,0.0,0.003449074074074074,0.26307870370370373,0.0,0.08257667824074075,0.0002416087962962963,0.08439959490740741,0.0,0.0,0.002103587962962963,0.0,0.14411892361111112,0.0008521412037037037,0.0,0.001166087962962963,0.00509837962962963,0.003475115740740741
15,0.0,0.0,0.03444299768518518,0.0,0.1785619212962963,0.0,0.0,0.001267361111111111,0.008010706018518518,0.05890190972222222,0.0061328125,0.0,0.0,0.0,0.009571759259259259,0.0,0.0005512152777777777,0.3165552662037037,0.0,0.05732928240740741,0.0,0.09163483796296296,0.0,0.0,0.009046585648148147,0.0,0.18383825231481482,0.006453993055555556,0.0,0.0020384837962962965,0.003285590277777778,0.03237702546296296
23,0.0,0.0,0.021514756944444446,0.0,0.31029369212962965,0.010758101851851852,0.0,1.736111111111111e-05,0.004447337962962963,0.0218359375,0.019503761574074074,0.0,0.004484953703703704,0.0,0.004622395833333333,0.0,0.0065060763888888885,0.2549001736111111,0.0,0.10008246527777778,0.00037037037037037035,0.09079861111111111,0.0,0.0,0.0027358217592592595,0.0,0.1353443287037037,0.0009201388888888889,0.0,0.00042824074074074075,0.003923611111111111,0.006511863425925926
58,0.0,0.0,0.01380931712962963,0.0,0.30124855324074074,0.05951533564814815,0.0,0.0008318865740740741,0.0027980324074074075,0.017903645833333332,0.012858796296296297,0.0,0.0022005208333333334,0.0,0.0016449652777777777,0.0,0.0024464699074074076,0.2597410300925926,0.0,0.08642939814814815,0.00026765046296296297,0.08393952546296296,0.0,0.0,0.0024088541666666668,0.0,0.14279369212962964,0.0007335069444444444,0.0,0.0,0.0052821180555555555,0.003146701388888889
90,0.0,0.0,0.013506944444444445,0.0,0.2979441550925926,0.046296296296296294,4.340277777777778e-05,0.0007335069444444444,0.0024667245370370372,0.021725983796296297,0.012667824074074074,0.0,0.002019675925925926,0.0,0.001083622685185185,0.0,0.005299479166666667,0.2635546875,0.0,0.08786024305555555,0.00026475694444444447,0.08706886574074074,0.0,0.0,0.0021383101851851854,0.0,0.14180989583333334,0.0010141782407407408,0.0,0.0011255787037037037,0.0061964699074074075,0.005179398148148148
total,0.0,0.00030774431609827655,0.022157304272093874,0.0,0.24557384774935823,0.014526967019618626,0.0001374421296296296,0.0008815920654565456,0.005638164076824349,0.03084288767418409,0.017157075082508248,1.4324349101576823e-08,0.0023381348551521817,0.0,0.0071667153694536115,0.0,0.006511662885038502,0.27166328612027874,0.0,0.08715763373212321,0.0007211736798679869,0.09204289569581957,0.0,0.0,0.00585746986156949,0.0,0.1626433867345068,0.002964982696186285,0.0,0.0011097216492482582,0.00863408736707004,0.013965810643564355
