epoch,train_loss,train_loss_0,train_loss_1,train_loss_2,train_loss_3,train_loss_4,train_loss_5,train_loss_6,train_loss_7,train_loss_8,train_loss_9,train_loss_10,train_loss_11,train_loss_12,train_loss_13,train_loss_14,train_loss_15,train_loss_16,train_loss_17,train_loss_18,train_loss_19,train_loss_20,train_loss_21,train_loss_22,train_loss_23,train_loss_24,train_loss_25,train_loss_26,train_loss_27,train_loss_28,train_loss_29,train_loss_30,train_loss_31,val_loss,val_mIOU,val_iou_Animal,val_iou_Archway,val_iou_Bicyclist,val_iou_Bridge,val_iou_Building,val_iou_Car,val_iou_CartLuggagePram,val_iou_Child,val_iou_Column_Pole,val_iou_Fence,val_iou_LaneMkgsDriv,val_iou_LaneMkgsNonDriv,val_iou_Misc_Text,val_iou_MotorcycleScooter,val_iou_OtherMoving,val_iou_ParkingBlock,val_iou_Pedestrian,val_iou_Road,val_iou_RoadShoulder,val_iou_Sidewalk,val_iou_SignSymbol,val_iou_Sky,val_iou_SUVPickupTruck,val_iou_TrafficCone,val_iou_TrafficLight,val_iou_Train,val_iou_Tree,val_iou_Truck_Bus,val_iou_Tunnel,val_iou_VegetationMisc,val_iou_Void,val_iou_Wall
1,0.8692504406630338,0.0,3.1353255156680424,2.3312688488341546,0.0,0.5906078196371111,1.7845821639249002,1.4070137437139547,3.668224579930787,4.109600592543699,2.00548307630694,2.787027026125693,0.022370411799504206,3.391410535064553,0.0,3.38884841429507,0.0,3.6798420551842854,0.35633507003177134,0.0,0.7452127686146861,3.429066774907266,0.7214269680774164,0.0,0.0,3.7253546286564063,0.0,0.45473352371563974,3.1761092430443165,0.0,1.7746323207046142,4.310144995135012,3.2923771612837647,0.464125257730484,0.1534613179699545,0.0,0.0,0.3478925226622881,0.0,0.7737044437922566,0.0010554698413008704,0.0,0.0,0.0,0.4127552985927351,0.5245964459448574,0.0,0.0,0.0,0.0,0.0,0.0,0.7791235174328389,0.0,0.35078135982007036,0.0,0.8705548351927405,0.0,0.0,0.0,0.0,0.8502982817594573,0.0,0.0,0.0,0.0,0.0
2,0.2936886923981237,0.0,3.382988956563648,0.44710536192906514,0.0,0.0940692053107681,0.6861207177917766,2.0158408221534927,3.968912112902934,4.334867055748289,0.3455719069427244,0.5847033232102399,0.027324516694624344,3.607243516359158,0.0,2.9175265168919458,0.0,2.86352598674088,0.058070612457497874,0.0,0.17734122345086753,3.723129636505636,0.03928935857127948,0.0,0.0,3.6349918368301126,0.0,0.05737845002445379,2.6408163868850316,0.0,2.1115323609111494,3.9947349387347555,1.3531323121542227,0.26451780647039413,0.2145097445769398,0.0,0.0,0.6797404592793393,0.0,0.9211268948031053,0.24343444729292196,0.0,0.0,0.0,0.645275770362191,0.5652484098513808,0.0,0.0,0.0,0.003861548828330465,0.0,0.1124217894900899,0.8260450470197496,0.0,0.5551694911770941,0.0,0.9313207837518561,0.0,0.0,0.0,0.0,0.9121086197093324,0.0,0.0,0.0,0.0,0.46855856489668346
3,0.19308138229362257,0.0,3.6714763629536185,0.2853499587627047,0.0,0.06990922415918199,0.2583865947360574,2.216632476694824,4.282839718552361,4.067635524090995,0.25168053948931085,0.3568309446116699,0.02675408321422535,3.081637887998193,0.0,1.2675057224312032,0.0,1.3674402377711397,0.03639908842625964,0.0,0.10087994767104753,3.6628500414507057,0.03807558736775577,0.0,0.0,2.390303198667238,0.0,0.0511271099594061,1.7773190787783566,0.0,2.0670576892041526,2.9505062779224627,0.46613701565272503,0.19377436563372613,0.2721905911156327,0.0,0.0,0.7601123362242317,0.0,0.907847459820986,0.4597788625680253,0.0,0.0,0.0,0.718793657321611,0.6124284102325064,0.0,0.0,0.0,0.4018020525694574,0.0,0.3747490799294113,0.859213517694136,0.0,0.7635477160726662,0.0,0.9126782513380076,0.0,0.0,0.21941599104937687,0.0,0.9169680482497174,0.04004269243888063,0.0,0.0,0.11317522756188769,0.6495456126293456
4,0.1302699509721536,0.0,3.9061419187725424,0.18433401095125748,0.0,0.04779584933825306,0.2122256679165604,2.2154778672814692,3.9577556886438607,3.458390436045659,0.15847731221578792,0.27548329947790795,0.029495752774752103,2.609987747866021,0.0,0.5531692610217358,0.0,0.7888899724911755,0.027292364109460433,0.0,0.07225770979823114,3.522599482709063,0.030084168491488667,0.0,0.0,0.5825225248323456,0.0,0.038942254580571364,1.2477559842720631,0.0,1.90659144069735,2.0480463201287353,0.3183531010140616,0.16308317556977273,0.3053671115602242,0.0,0.0,0.8076645384273787,0.0,0.9430743080450792,0.5074627246085406,0.0,0.0,0.0,0.773347811289508,0.5956998457097933,0.0,0.0,0.0,0.5041941691383574,0.0,0.47443989792933083,0.8604611687784176,0.0,0.7649010757894386,0.0,0.9368688032441128,0.0,0.0,0.5322610175959148,0.0,0.9229312612724637,0.25813244607588354,0.0,0.0,0.20666250473526365,0.6836459972876939
5,0.10124455887701485,0.0,4.052885815972,0.1349507239398688,0.0,0.03970953626320464,0.20634470317510945,2.1490594313353433,3.0119084440265937,2.5644869767458496,0.13670431942026798,0.23664693616497337,0.029823387062156592,1.672530760609886,0.0,0.45835621227222384,0.0,0.5252914024022589,0.02317110055453669,0.0,0.060772981831931125,3.3247854039355067,0.02721526017186642,0.0,0.0,0.2864531272484339,0.0,0.034786718171481705,0.8389352561575719,0.0,1.6213741069427248,1.6913723307208945,0.2711297250932177,0.11137859150767326,0.32741792783276386,0.0,0.0,0.8626501340152203,0.0,0.950288983420753,0.5272468902232936,0.0,0.0,0.00026901925523152527,0.8035988370527395,0.6334242754361273,0.0,0.16258661616454112,0.0,0.4992094224803071,0.0,0.5490635645514004,0.9221259875453308,0.0,0.8547985783608979,0.0,0.9358790803980437,0.0,0.0,0.5510200289419267,0.0,0.9297704794531569,0.3645185516950065,0.0,0.0,0.23980109972505,0.6911221419294162
6,0.08298278837413578,0.0,4.17476672922512,0.106920539279869,0.0,0.03516450618673181,0.1708348438312656,2.1619403600063807,2.2288895696221935,1.7202585657039626,0.12881601461895484,0.21245901278407736,0.030187339573116093,0.8207698759968961,0.0,0.4006990299079564,0.0,0.40736204171476187,0.021160816820142245,0.0,0.053287057429602706,3.230887141532264,0.02626222361120647,0.0,0.0,0.19596786245817782,0.0,0.03378181814320724,0.6397470167086948,0.0,1.2364829937339166,1.5100260085705508,0.24298109654348654,0.0948944292962551,0.34255130994629707,0.0,0.0,0.869187925656483,0.0,0.9559587278083793,0.5347815297342385,0.0,0.0010272867154132418,0.03679423993681532,0.818496732118916,0.6640370585533883,0.0,0.4063486878112914,0.0,0.5123201706746647,0.0,0.5392009648069994,0.9373065941645571,0.0,0.8803910449822157,0.0,0.9390065702228565,0.0,0.0,0.5635901813312975,0.0,0.9327924441779627,0.39418427331660716,0.0,0.04954449554088582,0.22372797665418478,0.7029450140743502
7,0.07086609901635202,0.0,4.128142752980871,0.09458719625902254,0.0,0.030425487762383973,0.14872843022292392,2.165690801457646,1.450024669335996,1.177151400715455,0.1185346971436714,0.19250148095161468,0.03044628048991109,0.6828795177465006,0.0,0.3594873709223607,0.0,0.33758354231369675,0.0198913259233321,0.0,0.04769878428947061,2.989466032960974,0.02469332080434382,0.0,0.0,0.1629487204951553,0.0,0.031218980632063905,0.518673457181212,0.0,0.834440739702866,1.3670969484618083,0.21794792119751438,0.09580527618527412,0.3610360393561297,0.0,0.0,0.8655521384588469,0.0,0.9517108310886527,0.5382310672520235,0.0,0.3875397612125811,0.1746735342214631,0.8195809848334539,0.6879294372815274,0.0,0.3089941141686776,0.0,0.5398261825135184,0.0,0.5343467816717292,0.9364121362922159,0.0,0.8702702933944982,0.0,0.9374833054907926,0.0,0.0,0.5989645612407176,0.0,0.932774388415068,0.4007930451077817,0.0,0.15214548997628846,0.208669717053544,0.7072554897227693
8,0.06324227973000034,0.0,4.0326885921855045,0.08152847359889596,0.0,0.027477102155457744,0.12575057307165768,2.1477131184850333,0.9913958538225018,0.888972223502046,0.11090308823823145,0.1815188797599982,0.03139689728453919,0.6489784210843131,0.0,0.32421301900674543,0.0,0.2849942205448631,0.018586440869248447,0.0,0.04453647888767936,2.641789200346617,0.02412242484324449,0.0,0.0,0.14259730714407243,0.0,0.029809934138086427,0.43843900719219897,0.0,0.587861846173784,1.2796702900364243,0.19927480697060138,0.10145791731774807,0.3628151965861971,0.0,0.0,0.8556374859476457,0.0,0.9499411264087202,0.5383271223723897,0.0,0.49936170343792174,0.24133742749225365,0.8042444394848467,0.6886160014319089,0.0,0.22998006833574508,0.0,0.5519443277153282,0.0,0.5313555953563857,0.9318829051813085,0.0,0.8593990762514754,0.0,0.931410903422486,0.0,0.0,0.6024137767942369,0.0,0.9260345598231561,0.40307662667934513,0.0,0.16727705214068606,0.1966660330941332,0.701180059388334
9,0.05859517858742357,0.0,3.8993863864581546,0.074765297095471,0.0,0.02613628276463362,0.11512660465189772,2.141766399929203,0.8443256788903243,0.7382877916975873,0.10724021668794469,0.17535635426454824,0.031927876420073456,0.6090281659295504,0.0,0.318904448278817,0.0,0.2607882698542757,0.01766546201504031,0.0,0.04182279816613692,2.0073895865821427,0.024066711707680773,0.0,0.0,0.1302614754254357,0.0,0.0296368967198803,0.3934903425836743,0.0,0.4730172267458883,1.1922964832837322,0.19231729435310072,0.10161386802792549,0.3719881113164112,0.0,0.0,0.8473874142719753,0.0,0.9492519541046459,0.538397181465703,0.0,0.5119522692810291,0.28650433985289203,0.8032788735590538,0.6850794576094187,0.0,0.16219975056162603,0.0,0.5535845695274457,0.0,0.5452442126959395,0.9262551653641433,0.0,0.8511693860114619,0.18450442711718962,0.9270563003901884,0.0,0.0,0.6398962557429362,0.0,0.9273889626724919,0.4526938994009865,0.0,0.1801014018158537,0.21291129685526067,0.7187624438249156
10,0.05033801002734965,0.0,3.7449787101056904,0.06811699484586475,0.0,0.02178339291397552,0.10112111812409923,2.1085238240608866,0.7088358955539423,0.5711952996708872,0.08966435757206426,0.1560325634224545,0.03288393230228634,0.5447058559685812,0.0,0.258762684028874,0.0,0.20753124117059663,0.016228674053182932,0.0,0.03683652079176856,1.4595800603894402,0.02229976954985606,0.0,0.0,0.09457325683024463,0.0,0.023097754381162527,0.3223362092231149,0.0,0.40786423983350006,1.0791785936128158,0.1799143275525499,0.0755999382585287,0.4057218897838868,0.0,0.0,0.8611303435853948,0.0,0.962139406122492,0.545970677029795,0.0,0.4341643220670345,0.3632732057164126,0.84247667676787,0.7035915336652853,0.0,0.44441359976396216,0.0,0.5687501836024251,0.0,0.5937872655263062,0.9371662148997574,0.0,0.8621003430636996,0.45128125457104284,0.9514558636946464,0.0,0.0,0.7986005256402715,0.0,0.949031138497415,0.49741624101339044,0.0,0.17726779502011938,0.2956128320764576,0.7434710507605986
11,0.047510370960111147,0.0,3.707036586986577,0.06258551141133255,0.0,0.02014861076436445,0.09181169838685212,2.1082889835845333,0.7115344171341947,0.500789436718317,0.08146469533803082,0.15621781809488466,0.03283254654852898,0.5287099278886886,0.0,0.2578751597519426,0.0,0.20619895435431038,0.015437479948539405,0.0,0.03468017564063389,1.304122965150048,0.020853515209860694,0.0,0.0,0.09179785723728001,0.0,0.023093762496317425,0.28837045786683224,0.0,0.39428504123219876,1.0334411675602257,0.1570790309933315,0.07466336451470852,0.40885648048671774,0.0,0.0,0.8611855709307761,0.0,0.9624419739918035,0.5536484320584651,0.0,0.45126101301916,0.36959771203000036,0.8432202500543715,0.7047180734737847,0.0,0.45046573315971605,0.0,0.5650035079803237,0.0,0.5949312851208517,0.9378144420834975,0.0,0.8630791644701278,0.4975697050047848,0.9517540702558833,0.0,0.0,0.8016726372637297,0.0,0.9497465990528436,0.5037015521340346,0.0,0.17845608784171746,0.3018947885576517,0.7412447770914473
12,0.04650503830922829,0.0,3.6794839497692227,0.061984871163264926,0.0,0.019594733149129125,0.09001726162986169,2.0986697721565086,0.6974923107877851,0.4823888400417306,0.07913628674339905,0.15475557521855496,0.03293697650615986,0.5239660997548647,0.0,0.2501867151271833,0.0,0.2026940074270712,0.015310802162351774,0.0,0.03414714492699486,1.1937741176263892,0.02076972029289343,0.0,0.0,0.09149173683060507,0.0,0.02262843075224191,0.2806313565231995,0.0,0.3823308527896721,1.0175466749589275,0.15439613304420352,0.07416701875627041,0.4107028691990638,0.0,0.0,0.8606123966398108,0.0,0.9625481466798853,0.5588117815939687,0.0,0.46435955611873025,0.37487932322261075,0.8438794352941791,0.7046298132223625,0.0,0.4568405486709879,0.0,0.5639812970923063,0.0,0.5968801655894309,0.9381323898107494,0.0,0.8637927828560235,0.5188782697088535,0.9516576249562562,0.0,0.0,0.8025946874570528,0.0,0.9500989253256116,0.5063988970066813,0.0,0.17933211146814054,0.3046503229158535,0.7395333387405463
13,0.045705486743987264,0.0,3.656897030933271,0.06137074017064506,0.0,0.019187930385358407,0.08916950690899235,2.0911279903627147,0.683526091936045,0.4664594014845965,0.07718164045775538,0.15368881463496895,0.033027625345921775,0.5184485281911124,0.0,0.2442595286078322,0.0,0.20065417447251263,0.015196393575485991,0.0,0.03373404875280351,1.0967567351495946,0.02069235387984164,0.0,0.0,0.09113943503474749,0.0,0.02231855944241845,0.2754040047654257,0.0,0.37223364913797397,1.0042487558042956,0.15193482771774108,0.07378621734678745,0.41207200345056105,0.0,0.0,0.8605408520396451,0.0,0.962533716104074,0.5591456185805236,0.0,0.47745240576549647,0.37807935531146997,0.8437179286663884,0.7049682680938123,0.0,0.46232745795167157,0.0,0.5637234832449217,0.0,0.5992884832275807,0.9383726799141764,0.0,0.8642914716137463,0.5331883018531174,0.9516356453170666,0.0,0.0,0.8027677297160085,0.0,0.9502435208912067,0.5085135993614703,0.0,0.18006674792067612,0.3064482306147006,0.7389986142301984
14,0.04500147812887208,0.0,3.635398074747358,0.060753830788621094,0.0,0.018838982054931893,0.08893948741147875,2.084396021594963,0.6711495959376743,0.4527179085017166,0.07538054608447567,0.15269254681889993,0.03313093395023556,0.5120292917876734,0.0,0.2394018255601031,0.0,0.19862037158558712,0.01509378906036867,0.0,0.03337501728641317,1.0122253845941573,0.02061085236008349,0.0,0.0,0.09054192292612527,0.0,0.022058125120065435,0.2708352583097778,0.0,0.36275962704097153,0.992415430423572,0.14969476146085417,0.073454125598073,0.41313271203880764,0.0,0.0,0.8612671596578545,0.0,0.9626232668822174,0.5631832744588774,0.0,0.48409393745867535,0.38161063484881397,0.843849232438933,0.7049679158518514,0.0,0.4645302804031755,0.0,0.5647312848517283,0.0,0.6019935483267969,0.9384685880133364,0.0,0.8643489926558138,0.5409582066943455,0.9516259968000569,0.0,0.0,0.8031479143844085,0.0,0.9504578918130042,0.5111066707564008,0.0,0.18051077080366545,0.3075438711459983,0.7392273469958881
15,0.044359504992326534,0.0,3.6146394901961885,0.060173790796196835,0.0,0.018525809055887698,0.08885282487333195,2.0783079724900135,0.6599406017462691,0.4399127514141276,0.0737225703949104,0.15171800085044376,0.03324294876266312,0.5056578304779759,0.0,0.2352699616240701,0.0,0.19651978577630455,0.014999165409647559,0.0,0.03305211986231918,0.9395077100017254,0.020527706898846015,0.0,0.0,0.0898453648171647,0.0,0.021811727378526165,0.26642510126986146,0.0,0.35374107667136817,0.9817095089034295,0.14768874773570498,0.0732406634837389,0.41374005583677087,0.0,0.0,0.8614763611138638,0.0,0.9626465017851318,0.5628196363416713,0.0,0.4911148656731871,0.3854338629640762,0.8439181008184246,0.704824610012152,0.0,0.46598041873467916,0.0,0.5648952191167756,0.0,0.6037798890293958,0.9384589563914757,0.0,0.8642990989527293,0.5434611590362678,0.9516813311430676,0.0,0.0,0.8031613429149228,0.0,0.9506214787082653,0.5130596786702661,0.0,0.18089355095241905,0.3081537569739697,0.7390019674439289
16,0.0437590218261703,0.0,3.5946656060734647,0.05961802954981706,0.0,0.01822433834275596,0.0891587350235297,2.0723459863914035,0.6493528923001167,0.4282056240955595,0.07213536570349063,0.15080593049057953,0.0333493594284896,0.49926924171765696,0.0,0.23162552856597432,0.0,0.19446946454268957,0.014907152954476317,0.0,0.03275043560406129,0.8766940957688544,0.02044737645348312,0.0,0.0,0.08901920929402861,0.0,0.02158542972302494,0.2621394711592469,0.0,0.3452690125996973,0.9713992352311961,0.14581188211663096,0.07298886254429818,0.41446431350639534,0.0,0.0,0.8620547999518552,0.0,0.9626887785369117,0.5659799913555432,0.0,0.49698272133337185,0.3892229759692343,0.8440142343057067,0.7049446084238621,0.0,0.4690111352355344,0.0,0.5654264290508759,0.0,0.6058179574397723,0.9384803520818277,0.0,0.864269236727506,0.5446377587980825,0.9517316433377108,0.0,0.0,0.8027774174265006,0.0,0.9507252772233095,0.5149787112205109,0.0,0.181385804858799,0.30838908563120115,0.7393391132965366
17,0.04319127706380991,0.0,3.575788434216217,0.05905687670073731,0.0,0.017935579180969816,0.08947604981500658,2.0663124858615602,0.6401598515488732,0.4172602437425504,0.07064333144414935,0.14994753285926654,0.03344481069963057,0.49268754646126234,0.0,0.2283365250225586,0.0,0.1922818840862538,0.01482059424180749,0.0,0.032461009609044966,0.8226788252623075,0.020368045279026862,0.0,0.0,0.08815557950141972,0.0,0.021356531870897685,0.25771364040762823,0.0,0.33707851179479786,0.9618818796136597,0.14404133175356612,0.07279907055199146,0.4150193457695853,0.0,0.0,0.8624289694241709,0.0,0.9627363600324044,0.5687207501336251,0.0,0.5033096435716014,0.3930125571130145,0.8440137259897081,0.7051794758971379,0.0,0.4706686352887893,0.0,0.5655762110965996,0.0,0.6072731156080599,0.9385183368509722,0.0,0.8642800990910932,0.5440913468282684,0.9517967109630397,0.0,0.0,0.8021207253270619,0.0,0.9508597472124819,0.516427294298732,0.0,0.18155229447865553,0.3086037609175959,0.7394493045037196
18,0.04265019788846865,0.0,3.5575457133916233,0.058510905848192796,0.0,0.017651238050144416,0.08973199214639153,2.060424542730342,0.6311389614038114,0.40689637283957164,0.06919803560906758,0.1490686193913706,0.03355547098013071,0.48591939504112497,0.0,0.22525069478105636,0.0,0.19006345480308698,0.014738152446024756,0.0,0.032180135337058956,0.7761614206576177,0.020287693577528246,0.0,0.0,0.08731498026173495,0.0,0.021140207847821817,0.25373803187560756,0.0,0.3293924401023595,0.9525972594920802,0.1423498871924468,0.07265567779541016,0.41575795482162403,0.0,0.0,0.8631935277608977,0.0,0.9627775148058586,0.5706689241474647,0.0,0.5085690320361271,0.39765492541623804,0.8441911224654772,0.7050612748625793,0.0,0.4710956153834486,0.0,0.5656574298680106,0.0,0.6091011362100163,0.9384962091434359,0.0,0.8641061284987192,0.551577579144429,0.9518007663974462,0.0,0.0,0.8021491028934445,0.0,0.9509711372860888,0.5175352987959766,0.0,0.18126399980596658,0.30897065118760086,0.7394131781827419
19,0.04213184462143825,0.0,3.539841580074938,0.05796480101960259,0.0,0.01737676872019511,0.09003241110231175,2.054642441320371,0.6224777277690862,0.3971858322588636,0.06783162455557286,0.14823566971693491,0.03366876434493851,0.47933441467267335,0.0,0.22231857936987245,0.0,0.1879095359606065,0.014658211400631687,0.0,0.03190880482351591,0.7353639776796191,0.020209967783414197,0.0,0.0,0.08644236015367644,0.0,0.020918652916362145,0.24993389931668372,0.0,0.3224346808377416,0.9436392661703107,0.14073785276421008,0.0725043147802353,0.41626844908493676,0.0,0.0,0.8635108801989224,0.0,0.9628169614956367,0.5714972786621922,0.0,0.5144210172482646,0.40277710732760585,0.8446680704164358,0.7050548863531187,0.0,0.4722550224292982,0.0,0.5663318285926365,0.0,0.6101182599669784,0.9383564898941223,0.0,0.8636435159187814,0.5524310423364904,0.9518298769851576,0.0,0.0,0.8012056748484133,0.0,0.9510925168656399,0.5189187653100551,0.0,0.18076666226380952,0.3092772963258373,0.7396172172785817
20,0.04163029253646568,0.0,3.522312187745115,0.05743738270116403,0.0,0.01710601491422632,0.09027331124124016,2.048707342011599,0.6144354937050719,0.38801362699780617,0.06650808927028502,0.14739269324284407,0.03383694114265861,0.472815731047607,0.0,0.219491120221799,0.0,0.18577638423287285,0.014580727517836917,0.0,0.031641703658606815,0.699343281409989,0.020135693837888866,0.0,0.0,0.085606025552501,0.0,0.020701707952132893,0.24620552693318729,0.0,0.3154411848967489,0.9349350885259246,0.13913517252403437,0.07239494808018207,0.41666212592730184,0.0,0.0,0.8639845900691133,0.0,0.9628410726682957,0.5711185299404906,0.0,0.5205017346825905,0.40643521542087874,0.8449349903845988,0.7049456360358495,0.0,0.4726217961873198,0.0,0.5662793579084997,0.0,0.6118350368298034,0.9382746560819774,0.0,0.863402698825225,0.5515359120070606,0.9518439827185989,0.0,0.0,0.8011983864529174,0.0,0.9511770797071479,0.5193338286261994,0.0,0.1810320683894572,0.3096971293165634,0.7401943274210724
21,0.04114473725740726,0.0,3.505104178368858,0.05695271081917276,0.0,0.016840865603603438,0.09039588914903675,2.042591870027943,0.6066715880202773,0.3793235919174592,0.06521431419384624,0.14656937955893545,0.03398441220377828,0.4663053639013321,0.0,0.21702251682508947,0.0,0.18364080233074254,0.01450492053455651,0.0,0.03139030727032317,0.6676293983337246,0.0200566346585316,0.0,0.0,0.08480973782930419,0.0,0.020483691671385956,0.24252423027334602,0.0,0.30853655515935197,0.9264353050744694,0.1376529114775007,0.07230596356093884,0.4169428454127191,0.0,0.0,0.8644619343311879,0.0,0.9628053728900514,0.572693155751858,0.0,0.5238735828484082,0.4098390670150026,0.8447647584716357,0.7050988421753767,0.0,0.47259779472970215,0.0,0.5666579449357922,0.0,0.6129088642893256,0.9381630692317551,0.0,0.8629320663962489,0.5501458080010705,0.9518479295850335,0.0,0.0,0.8010477468073413,0.0,0.9512944447773839,0.5195280425680128,0.0,0.18095204350300498,0.30982486514181423,0.7407337197570079
22,0.04067347274458671,0.0,3.4886066704971213,0.05645662911086001,0.0,0.01657892704987632,0.09024468335231266,2.0363925601695647,0.5990246913293559,0.3709056665346909,0.06399855996120654,0.14575918820793615,0.034123116797143284,0.4593650406258806,0.0,0.21448366109584427,0.0,0.18152461661289204,0.014430935265561214,0.0,0.031141430700801744,0.6394703189238042,0.019981692790863464,0.0,0.0,0.08393845342957039,0.0,0.02027238141158737,0.23917500562880073,0.0,0.30194941219270277,0.9180640257799437,0.13620908386873737,0.07223701439797878,0.41727283133572557,0.0,0.0,0.8645630766180116,0.0,0.9627726048917425,0.5728233618266066,0.0,0.5288041121192735,0.41283696889587035,0.8448247251164742,0.7049085859764525,0.0,0.4723492149351312,0.0,0.5664157804418855,0.0,0.6132865345571836,0.9379795484912707,0.0,0.8623376573683268,0.5521161075271999,0.9518863293023875,0.0,0.0,0.8014007276518063,0.0,0.9513633905737668,0.5210683096806018,0.0,0.18026454688177757,0.30955145853660154,0.7411775613508498
23,0.040215128828044774,0.0,3.4720262793528835,0.05597172465862503,0.0,0.016322239316546475,0.09022862320330603,2.0297582954183198,0.592223345941046,0.3629009965185737,0.06281261008562657,0.14497543074051608,0.03425734383719308,0.452095042989965,0.0,0.2120574885169672,0.0,0.17936675421950532,0.01435994201747354,0.0,0.03089444723174632,0.6142157273539645,0.019910237053317733,0.0,0.0,0.08311255520464193,0.0,0.020062822725448147,0.23592683945974705,0.0,0.2952609640325503,0.9099596115704028,0.13480908772728295,0.07214701063930988,0.4175750567185522,0.0,0.0,0.8645464145138074,0.0,0.9627518708836327,0.5736949242454944,0.0,0.5324346454561139,0.41551841400536194,0.8447454553546561,0.7044763316373667,0.0,0.4737284531452682,0.0,0.5661180188034469,0.0,0.61359628581493,0.9378168222388913,0.0,0.8617694609619427,0.5519285343518995,0.9519070430138699,0.0,0.0,0.8020243342318272,0.0,0.9514518451382304,0.5220444762032794,0.0,0.18082073937794974,0.3098774191598327,0.7411503264558703
24,0.039767949463246945,0.0,3.454986968592777,0.05550565163135118,0.0,0.01607072104238091,0.09001837805534396,2.022759605911145,0.5854090760451025,0.3553262472479797,0.06167829413276374,0.1442372656098319,0.034385733552031464,0.44429589235636086,0.0,0.20962252461963315,0.0,0.1773468041381635,0.014289189402996826,0.0,0.03065005424464821,0.5905272043605762,0.01983801406652827,0.0,0.0,0.08230030805845169,0.0,0.0198525358733582,0.2327584358286557,0.0,0.28873193818730014,0.9020989524818319,0.13346671785646225,0.07212339676916599,0.4176862256759268,0.0,0.0,0.8647533461317913,0.0,0.9626810625362241,0.5754270049383472,0.0,0.5334416713774874,0.4180023019889826,0.8446563420892756,0.7042125778640582,0.0,0.4725503580319293,0.0,0.5655779240577046,0.0,0.6136867710290682,0.9376081845635277,0.0,0.8610836506152164,0.5525189625593427,0.9519629921249539,0.0,0.0,0.8022590053203114,0.0,0.9514758625859473,0.5225580681275808,0.0,0.1807150112511582,0.309836753826803,0.7409513706099476
25,0.03933193462972458,0.0,3.438505094342513,0.05504922943289204,0.0,0.01582078419487391,0.08968468908833248,2.015512048596831,0.5786916415768683,0.34804994739352174,0.06059689773291771,0.143469987704224,0.034518964998014684,0.43541641770682216,0.0,0.20730582720582488,0.0,0.1752879090493683,0.014219506764376154,0.0,0.03040674157501143,0.5695553044936674,0.019768010099341777,0.0,0.0,0.08147965048700598,0.0,0.019652435107443106,0.22968823668638202,0.0,0.28238899040988896,0.894363205113042,0.13214206418485275,0.07211662717163562,0.4178196743194156,0.0,0.0,0.8650879579898747,0.0,0.9625969205512412,0.576301305351786,0.0,0.535469763392258,0.4200663360425323,0.8444025575775058,0.7038291121061322,0.0,0.47250425642086685,0.0,0.5648975357103112,0.0,0.6139277795720088,0.9374277060325259,0.0,0.8605256708694629,0.5532323675639838,0.9520031009386483,0.0,0.0,0.8025146296069462,0.0,0.9514799241698902,0.5233863055878907,0.0,0.18054700882386396,0.3090557875857371,0.7409735523278304
26,0.03890465985942673,0.0,3.4229380471434556,0.0545814628303401,0.0,0.015578090579434274,0.0893829884432805,2.0081775024647603,0.5717758255037892,0.34105638011121975,0.059548003821551856,0.14270924121974463,0.03465208116468493,0.4248652907498093,0.0,0.20513637585185454,0.0,0.17336333738125925,0.01415080036154856,0.0,0.030172536669962544,0.5493801369664425,0.019703885058740073,0.0,0.0,0.08069824861430959,0.0,0.019446472752599697,0.2267389132707942,0.0,0.27638635092363406,0.8867577241370342,0.13090510866846536,0.07211606614291668,0.4179879656037716,0.0,0.0,0.8654438087197664,0.0,0.9625428103797635,0.5794502639821859,0.0,0.5376159839208903,0.42186831652675627,0.8441381913377002,0.7036514632364349,0.0,0.47108140049870795,0.0,0.5648879960749487,0.0,0.6139385489908358,0.937324955537018,0.0,0.8601562916408236,0.5525995768160632,0.9520440048845586,0.0,0.0,0.8020876335265497,0.0,0.9515017670249988,0.5246062015841552,0.0,0.1803620141981531,0.309216038525178,0.7410976319152025
27,0.03848523732561331,0.0,3.4078631678675504,0.05414970145902729,0.0,0.015334871691790024,0.08874996551662469,2.000564057909821,0.5649464974263879,0.3343428907456644,0.058517236873986446,0.1419994615159049,0.03477823603284228,0.4132578687440982,0.0,0.2028822722723041,0.0,0.1714848691585534,0.014083111523323345,0.0,0.029930998289940457,0.5312777716108853,0.019642854086169573,0.0,0.0,0.07992051979778772,0.0,0.019246700698971178,0.2239720477964555,0.0,0.2702645941652496,0.8792755431430022,0.12965774030364716,0.07213146649301053,0.4181432186247087,0.0,0.0,0.8653895296918275,0.0,0.9623990693681593,0.5802857033351173,0.0,0.5393653722527132,0.4228664430370591,0.8438284939240915,0.7034897661115067,0.0,0.47133141352658764,0.0,0.5652945874993508,0.0,0.6143127527184032,0.9371129492925302,0.0,0.8594805159643053,0.554187286809698,0.9520459517787876,0.0,0.0,0.8020061264359599,0.0,0.9514455742527629,0.5256006598081914,0.0,0.18024673907667355,0.30899450066703943,0.7408995604399153
28,0.038074500797377835,0.0,3.39250661258245,0.053710476172818114,0.0,0.015094862998265918,0.08824080550079844,1.9929500895957108,0.5584551525673503,0.3279464384970444,0.0575266084687924,0.14130024921351192,0.03489780164026952,0.40013995296939703,0.0,0.20068675700285454,0.0,0.16948653855244827,0.014015439391408372,0.0,0.02969381542362771,0.5139325392651505,0.019581989426404187,0.0,0.0,0.07919424490626394,0.0,0.019045202291123053,0.22127397095136464,0.0,0.2644422945450496,0.8720493200371265,0.12842653582499491,0.07214334942400455,0.4182591859022192,0.0,0.0,0.8654909595788084,0.0,0.9622937439333453,0.5835120370467498,0.0,0.5401358159098835,0.4239822006877284,0.8435181413049943,0.7031899058904629,0.0,0.4713681705492637,0.0,0.5655125681648432,0.0,0.6148561881642675,0.9369317059691731,0.0,0.8589738772185276,0.554123483291474,0.9520631590768927,0.0,0.0,0.8018813800242256,0.0,0.9514261299793176,0.5257792522794873,0.0,0.18018241062976909,0.30826031976228097,0.7408124994095224
29,0.0376717824447941,0.0,3.376978208689773,0.05326451203944199,0.0,0.014858740724864143,0.08766444639823653,1.985116370882045,0.552066699172781,0.3217479443074586,0.0565991303441899,0.14059581713821367,0.035016389993520886,0.3854142748423238,0.0,0.19852612985464024,0.0,0.1675802891777245,0.013949418961310665,0.0,0.02945882641082437,0.4975764289645881,0.019524143777587908,0.0,0.0,0.07848389715311603,0.0,0.01884441195188833,0.2186464119142417,0.0,0.2586414585113159,0.8649799396549226,0.12719340736453352,0.07217107601463794,0.4183898511817262,0.0,0.0,0.8657255904592891,0.0,0.9621627807565213,0.5842789682005444,0.0,0.5413333316943904,0.4256110773173211,0.8432552740710303,0.7027271348341912,0.0,0.4703043110547459,0.0,0.5650848758499583,0.0,0.6152519566428806,0.9367898106642072,0.0,0.8585762002887078,0.5561921921494853,0.9520901380767951,0.0,0.0,0.8020512232437124,0.0,0.9513541551813123,0.5265907609659803,0.0,0.1802932430764112,0.3078716452112042,0.7409305680765532
30,0.036865464237692595,0.0,3.361196470937004,0.048636289020669354,0.0,0.01392843530754769,0.08734503586521558,1.9759300646980071,0.5456767139953285,0.3108456346325358,0.054213720877089526,0.13217644530453612,0.03559413847032484,0.3703653836190691,0.0,0.19619362777714008,0.0,0.1753805849425885,0.014529976670060715,0.0,0.029318016206449343,0.48568232207043716,0.019176053038995042,0.0,0.0,0.07720447662132893,0.0,0.01925269275812992,0.22640955378918037,0.0,0.23602255795829807,0.8445870542606171,0.12285512462564745,0.07287361547350883,0.41859147315258094,0.0,0.0,0.8659971208055834,0.0,0.9614525880517919,0.6025068274771714,0.0,0.5524978298417097,0.4220062527385714,0.8436146474972246,0.7014344629682087,0.0,0.4475815023869133,0.0,0.5697137697177093,0.0,0.6153485346056218,0.9371833481562672,0.0,0.8606954036624686,0.5590297394817363,0.9519507421551332,0.0,0.0,0.805649025293705,0.0,0.9512515656000378,0.5315667456885076,0.0,0.1787258098293929,0.2960864911349784,0.7406347337898553
