epoch,train_loss,train_final_norm_0,train_loss_gd_norm_0,train_final_norm_1,train_loss_gd_norm_1,train_final_norm_2,train_loss_gd_norm_2,train_final_norm_3,train_loss_gd_norm_3,train_final_norm_4,train_loss_gd_norm_4,train_final_norm_5,train_loss_gd_norm_5,train_final_norm_6,train_loss_gd_norm_6,train_final_norm_7,train_loss_gd_norm_7,train_final_norm_8,train_loss_gd_norm_8,train_final_norm_9,train_loss_gd_norm_9,train_final_norm_10,train_loss_gd_norm_10,train_final_norm_11,train_loss_gd_norm_11,train_final_norm_12,train_loss_gd_norm_12,train_final_norm_13,train_loss_gd_norm_13,train_final_norm_14,train_loss_gd_norm_14,train_final_norm_15,train_loss_gd_norm_15,train_final_norm_16,train_loss_gd_norm_16,train_final_norm_17,train_loss_gd_norm_17,train_final_norm_18,train_loss_gd_norm_18,train_final_norm_19,train_loss_gd_norm_19,train_final_norm_20,train_loss_gd_norm_20,train_final_norm_21,train_loss_gd_norm_21,train_final_norm_22,train_loss_gd_norm_22,train_final_norm_23,train_loss_gd_norm_23,train_final_norm_24,train_loss_gd_norm_24,train_final_norm_25,train_loss_gd_norm_25,train_final_norm_26,train_loss_gd_norm_26,train_final_norm_27,train_loss_gd_norm_27,train_final_norm_28,train_loss_gd_norm_28,train_final_norm_29,train_loss_gd_norm_29,train_final_norm_30,train_loss_gd_norm_30,train_final_norm_31,train_loss_gd_norm_31,val_loss,val_mIOU,val_iou_Animal,val_iou_Archway,val_iou_Bicyclist,val_iou_Bridge,val_iou_Building,val_iou_Car,val_iou_CartLuggagePram,val_iou_Child,val_iou_Column_Pole,val_iou_Fence,val_iou_LaneMkgsDriv,val_iou_LaneMkgsNonDriv,val_iou_Misc_Text,val_iou_MotorcycleScooter,val_iou_OtherMoving,val_iou_ParkingBlock,val_iou_Pedestrian,val_iou_Road,val_iou_RoadShoulder,val_iou_Sidewalk,val_iou_SignSymbol,val_iou_Sky,val_iou_SUVPickupTruck,val_iou_TrafficCone,val_iou_TrafficLight,val_iou_Train,val_iou_Tree,val_iou_Truck_Bus,val_iou_Tunnel,val_iou_VegetationMisc,val_iou_Void,val_iou_Wall
1,0.14927911082958126,0.5027478324187981,0.0029030787402886775,0.5909055628619351,0.00446753229326722,0.5888596910696763,0.04142219369596505,0.5596286752721765,0.003825598686759534,0.5573955577808422,0.005002062891835122,0.6083378110613141,0.036257966073577876,0.5737572783952231,0.0038237662494673835,0.6097353539624057,0.005444103850635117,0.6135930667866717,0.011495612057662764,0.5945699516233507,0.012972043978132225,0.6298372463865595,0.026846141083636782,0.5966270022339873,0.0040462190364640984,0.5044619270733425,0.004855321626854385,0.6064000450647794,0.0038432351768958374,0.5438444706109854,0.027854283340275288,0.5720308940489214,0.004442849410134931,0.6516390527997699,0.02590581901105387,0.5790881350800231,0.0074034509361608995,0.5392034558149484,0.0066661956812162975,0.5575234130188659,0.011291578452993225,0.5218914557289291,0.003301746754364653,0.4959713476044791,0.0015596287903263345,0.541920209978963,0.005066662117235035,0.5894484926056076,0.0034918666223657654,0.587181112923465,0.018240711244928477,0.5122149075780597,0.004335665735057914,0.5783115474732368,0.00840013533840877,0.606493143589942,0.02094403927848971,0.5368783015471238,0.004324056598316919,0.5837441951363951,0.008887078766557541,0.496624020757256,0.02866427831935113,0.6365789803829822,0.029196493000119596,3.4055437088012694,0.06568280972935056,0.0,0.0,0.46955952333467615,0.0,1.7332724763109764e-06,0.36061780542353217,2.11309272295518e-05,0.13573571679831734,0.015259879129310863,0.08610804395089632,0.1554931931555695,0.0,0.004489679883726926,0.0,0.2328363162901122,0.0,0.2281697496921097,0.0586758971137192,0.0,0.012212995213811164,0.0,0.0,0.0,0.0,0.031153983491608573,0.0,0.0001480933982464424,0.13290474604533428,0.0,0.0060918715658540845,0.05738097747644798,0.11498857517623906
2,0.05717744039637702,0.5044717074750544,0.00119625675462565,0.5921860605805784,0.0030222448794130275,0.6330578464728135,0.01703802203237601,0.5588918943981548,0.002661075659229287,0.5538133946093884,0.002697118385925193,0.6149536901777917,0.0176767408591951,0.5750605084083893,0.001488777383161545,0.623199286041679,0.004766840908604746,0.654176998924423,0.017745809926354623,0.6136195639987568,0.019050033573716225,0.736549490755731,0.010727192908474296,0.5958510637283325,0.0019449770756342173,0.520468845472231,0.011265904004276208,0.6047231659784422,0.002051197862313999,0.5956327541843875,0.017859116654617938,0.5710456187908466,0.002189553655545831,0.7005424414362226,0.014335584668135578,0.5726801222497291,0.0037895741752236264,0.5361690835638361,0.0029082574541322314,0.5401575133040711,0.005271728446062367,0.5299449811924944,0.006278148641205996,0.4993269476261768,0.0005698838080266737,0.5419070242525457,0.0021950088922384676,0.5902396054058284,0.0013825789878815207,0.6241318603138347,0.010264081820323654,0.5129816145687313,0.0017434729693027644,0.5675977507790366,0.0033955823049297207,0.6322891469840165,0.008830012846993958,0.5363788237938514,0.0015921968202986805,0.5882869886827993,0.010664789891382167,0.5662712553045252,0.021009761220929058,0.7325259473297622,0.017456954785182582,3.29025514125824,0.08806810944469431,0.0,0.0,0.5390624389139067,0.0,0.0,0.4274867003001249,5.2543085357578336e-06,0.1636394638347142,0.013948000131111579,0.41454519693824565,0.13249232973071287,0.0,0.05086208700158722,0.0,0.32534454208587354,0.0,0.14424537207460697,0.013532935051012121,0.0,0.0008702245186421577,0.25560783122198866,0.0,0.0,0.0,0.033413850772546425,0.0,4.1099183311110744e-05,0.054838147901442605,0.0,0.0350886051651106,0.09171007293976904,0.12144535015697581
3,0.033739660815386985,0.5052063740216769,0.0006614934448677289,0.5969447487003201,0.002652188284568243,0.6619988548886645,0.01000425700420657,0.5562102696397803,0.0014780212192448204,0.5512181933109577,0.0015905600352657979,0.6288880365235465,0.01008554483548953,0.5758931027663933,0.0010964397597190627,0.6307604063998212,0.003845858670371984,0.6972393059468531,0.014001429587561677,0.6483445783237834,0.016344378072932198,0.7897453635603517,0.007129914941557857,0.5949265583530887,0.0012227573696201523,0.56826353597117,0.008670791974649407,0.603732277403821,0.0010979333160071542,0.6269472706448901,0.011975605420737558,0.5697376092711648,0.0012884011612386331,0.7300990151835012,0.007892541014231168,0.5704624548063173,0.0017945778378346874,0.5347020023471707,0.001528820658427571,0.5315088367724157,0.0026803328668453044,0.5491750626773625,0.005496035935741,0.5005831292697361,0.0002970561964193021,0.5412546822002956,0.0013526559635935412,0.5904745590555799,0.0007410821313637175,0.6503942307535109,0.007764356501226487,0.5136274859145448,0.0010025130241346843,0.5638251638674474,0.0018718582517237166,0.6529435973901015,0.005061963921064859,0.5363862972993118,0.00090899466870194,0.6003475320208204,0.00921741622285201,0.6116146078476539,0.017515425345154254,0.7838890054723718,0.010904564758875294,3.2978171586990355,0.10120880143813485,0.0,0.0,0.5512328301093922,0.0,0.0,0.3685649470363652,4.9898539652672405e-05,0.3732907344206791,0.013508186081038227,0.38341550694696924,0.1585173556936817,0.0,0.058830432961825795,0.0,0.3111929340362053,0.0,0.1949785220758252,0.0020636657535137598,0.0,0.0001292754967255996,0.2797635526995233,0.0,0.0,0.0,0.019285994959604646,0.0,5.8566493083216935e-06,0.14785959880862123,0.0,0.053963994274931835,0.12445746420876307,0.19757089526768867
4,0.023415511453544702,0.5054794608891665,0.00040005029938414,0.6046629541522854,0.0028922358357634107,0.6851265600749424,0.007137025927787053,0.5548343147550311,0.0008499949622341524,0.5496636570154966,0.000940228415177214,0.6447423349370013,0.00685470073309901,0.5765557243273809,0.0009135487182372874,0.6377894301990886,0.002859555001902793,0.7258220472178616,0.008657239893052195,0.666969372020973,0.010246715281967196,0.8187684934217851,0.005149335338181437,0.5941128527725136,0.0007754022330378316,0.6005835369393066,0.004853926780045155,0.6031391496186728,0.0006540147370177802,0.6477777931716416,0.009264586572688851,0.5689797172179589,0.0007140949036821129,0.747931977549752,0.005636745239326546,0.5697072685419858,0.0010372660763096064,0.5341842888475774,0.0008688918059016322,0.528181621661553,0.0014234915302790046,0.5646895386360504,0.0034093750457811567,0.501067341028989,0.0001805886807502887,0.5406737720573341,0.0008060698175820737,0.590363411457984,0.0004915154227541739,0.671883150771424,0.004704890827709748,0.5138648957996578,0.0006270629737927876,0.5614315323777251,0.0011670117915395628,0.6662818311334966,0.003956534088701828,0.5362741626225985,0.00056411522430378,0.6113124404634748,0.0073828556393222,0.6459688380524352,0.015217599827427786,0.8130494356155396,0.007651536326323237,3.3327261447906493,0.09780786513901854,0.0,0.0,0.5006352296773653,0.0,0.0,0.449239274435764,4.422713089860369e-05,0.3595461341136833,0.010864773778779849,0.374817268207868,0.1656957172236322,0.0,0.04960494909201703,0.0,0.3118050393123267,0.0,0.14894180695171183,0.0002872789827926899,0.0,8.480278065157898e-06,0.26268392670350865,0.0,0.0,0.0,0.04813352954006815,0.0,2.749565979119787e-06,0.19272377794456008,0.0,0.010172312814380373,0.09393940423410937,0.15070580446108256
5,0.019514507511732997,0.505557385119763,0.0003074376534761421,0.6143756869075062,0.002772834894290849,0.7037626504898071,0.005674426792481157,0.5537999200296926,0.0005996738299682664,0.5485236939493117,0.0007017651086053964,0.6555563080441821,0.00543903378171048,0.5773691954193535,0.0008532194346976262,0.6443180317407126,0.002403168787458236,0.7453257965517568,0.0072222618580601375,0.6821240710688161,0.008045958112004203,0.8431291298551874,0.003949374529139067,0.5933986797437563,0.0005851250242922905,0.6210344656483158,0.003286244190338958,0.6026441756185594,0.0004653556350424149,0.6623662146893177,0.007990468139913711,0.5684638593223069,0.0005100031679491052,0.7615632879865039,0.0047319327624371415,0.5691418379217714,0.0007696205314829598,0.5338644699735956,0.0006159382835823715,0.5262522022802751,0.0010157921780054304,0.5765042508041466,0.002509126769107572,0.5012606965316521,0.00013253591512713664,0.5402143630352649,0.000593350480143032,0.5900787501544743,0.0003689147710606998,0.6872223962794294,0.003788994480011432,0.5138856919257195,0.00046526224996541515,0.5597574068949773,0.0008355409895507414,0.6757991228784833,0.003208836848888505,0.5360802150034643,0.0004234844620421447,0.6172275019216014,0.00775854680098716,0.6736601008163704,0.014627585497142359,0.833455815420046,0.007279510268235354,3.3277549743652344,0.11267943117637598,0.0,0.20897677024137148,0.5215408409842446,0.0,0.0,0.4361672727952324,0.00010215249916246078,0.4418856448549676,0.010453279757491883,0.37941487540482327,0.15490965173595242,0.0,0.07970141288246055,0.0,0.34008458632139044,0.0,0.2171156389799141,0.00020150980398292293,0.0,2.2375877027359185e-05,0.3012607970877464,0.0,0.0,0.0,0.03870093874674608,0.0,0.0,0.14202991562697548,0.0,0.05691860593984875,0.08592275796225743,0.19033277014243546
6,0.015543118226700105,0.505542706657242,0.00022002222289262176,0.6196280410001566,0.002502928425910995,0.7117404531646561,0.004442187367073659,0.5533246889219179,0.00046237559901463423,0.5480233764910436,0.0005066941131180112,0.6619711236639337,0.004539688516940389,0.5777849142368023,0.0008728036676644819,0.6476032380219344,0.0023689346757696963,0.7527100849937607,0.004345637119303529,0.6881177464684287,0.005028609368069977,0.851777869266468,0.0038404933747497724,0.5930322120477866,0.00048511163929635965,0.6294114890989366,0.0028021405080005854,0.6023982016594855,0.0003632302848548004,0.6692278051114344,0.005968377844220702,0.5681988282518072,0.00038796239895528634,0.7678568533488682,0.0033619139531555656,0.5688799508325346,0.0006005368337795077,0.5337123589201288,0.00046191667622354416,0.5254653384397318,0.0007983994594094559,0.5815647093804328,0.0019232366965817554,0.5012903606498634,0.00010231235760979221,0.5399703350695935,0.00047138023716627856,0.5898911926772569,0.00028743391030130317,0.6948229585375104,0.003134855534241709,0.5138575690133231,0.0003749248872326871,0.5590249411352388,0.0007048309003489071,0.6799597065527361,0.0023341881486095978,0.5359453506522126,0.0003408606858651543,0.621406975028279,0.0059792950940011375,0.6866396711422846,0.011084344161285476,0.8421441604802896,0.0050591523061854415,3.3577821969985964,0.11420280597774424,0.0,0.19588708772346405,0.5304841193653027,0.0,0.0,0.459462980972089,4.964122931975326e-05,0.42823698359368734,0.01184107913320293,0.39272339763392855,0.12657974513159567,0.0,0.050559175608976735,0.0,0.3957580920278271,0.0,0.212942412998932,0.000460791990562746,0.0,3.249981029277094e-05,0.27860518331577316,0.0,0.0,0.0,0.03968477667823359,0.0,7.301508492187496e-07,0.1502087324307531,0.0,0.07094242111451851,0.08746159521146459,0.22256834516704233
7,0.014530622456632145,0.5055333192531879,0.00021250127906818968,0.6205026926575127,0.002566092366488282,0.7128219407993358,0.004220241229152205,0.5532463985485035,0.00046406568571410886,0.5479470288360512,0.0004847451835323207,0.6632336718695504,0.004121864727534517,0.5779074594214723,0.0008334465344707676,0.6483033247046418,0.0017801331411177231,0.754051665683369,0.004231674793038189,0.688913955793276,0.004816167826692645,0.8535938308789179,0.0035408966484413084,0.5929619853313153,0.0004576737052187897,0.6306727187974113,0.002606878722992286,0.6023491535867963,0.0003328175734278265,0.6705987584459913,0.005330300550257972,0.5681541247682257,0.0003757823611562304,0.7687364718416235,0.0031100359731251474,0.5688306532063327,0.0005399549316300161,0.5336839353645241,0.0004314768582564564,0.5253385901451111,0.0007512725478391276,0.5821674525082766,0.0020387580715488275,0.5012845829292968,9.399883196897713e-05,0.5399238310017429,0.00042806469974783506,0.5898541041782924,0.0002833917107117096,0.695897536618369,0.0028847371020794405,0.5138416801180158,0.0003553204242252632,0.558895142523797,0.0006385330453957687,0.6805556704709818,0.00225694899339802,0.5359145723856412,0.00032270289375446737,0.6222509722133259,0.005455337137311369,0.6889850405546335,0.010410696699202143,0.843856658254351,0.004562648469940401,3.341235852241516,0.11406775638722526,0.0,0.22611227834835348,0.5289381592512818,0.0,0.0,0.44231498503426536,6.97435897722025e-05,0.4345925342983549,0.01168299976866764,0.3711794337152633,0.13039335820168668,0.0,0.04927864178309274,0.0,0.3975276062524826,0.0,0.221722204169747,0.0003629894713049955,0.0,2.63628389769859e-05,0.27842881832786726,0.0,0.0,0.0,0.04256004085000147,0.0,0.0,0.14736311567920488,0.0,0.07168044491246875,0.09204509359531858,0.2038893943030975
8,0.014121652524508945,0.5055194195810255,0.00020436406643117093,0.6214753428658286,0.0024451150569762873,0.7140458278603606,0.00414401447083187,0.5531652681120149,0.00044409201383222263,0.5478747546017825,0.0004690577019233727,0.6635647304765471,0.004131899513355405,0.5780123177465502,0.0008415555270263352,0.6488899686834314,0.0018267405749001838,0.7552783037279989,0.004256181065811888,0.6893253516364883,0.0050186284505608645,0.8550224297649258,0.003516729110033139,0.5928919059889657,0.0004482906251623817,0.6317261942140349,0.002438341915366946,0.6023014069913508,0.00032429016309734024,0.6718470355966589,0.005092290716864946,0.5681059105055672,0.00036014866238654397,0.7696588111447764,0.0030124416820459313,0.5687836480664683,0.0005265846188054779,0.5336534629811297,0.0004140817316231103,0.5252191175471296,0.0007296337075736169,0.5828996811594281,0.0018981130999016606,0.5012745346341815,9.112776901779548e-05,0.5398791838478256,0.00041707919572817753,0.5898119204646939,0.00027413032380486636,0.6970894474249619,0.002832557821190906,0.5138211656402756,0.00034621523745654784,0.558773303424919,0.0006227789609501098,0.6813180145326552,0.0019915254814115322,0.535881058200375,0.00031387255468551625,0.6230230776818244,0.005214968368098917,0.6910193287409269,0.010156519194184751,0.8452756968173352,0.004492551014773998,3.331095552444458,0.11964149723155368,0.0,0.23747123202969989,0.5438838189409703,0.0,0.0,0.48379065153772094,8.852691222048819e-05,0.4370750075100502,0.011148158494780281,0.4098524421232074,0.14852724673814005,0.0,0.060745434276821476,0.0,0.42829167494453746,0.0,0.23878199389546834,0.00022329022396759898,0.0,1.4088475629772668e-05,0.29113316137485795,0.0,0.0,0.0,0.04132061032351257,0.0,0.0,0.1471025092452774,0.0,0.07549145180319097,0.08571818113590376,0.18786843142376033
9,0.013747124697317134,0.5055124261877039,0.00019848423315644531,0.6219883790382972,0.0023937563038978643,0.7147607986743634,0.003999205691238435,0.5531200072267554,0.00043914453144080346,0.5478332219543037,0.0004558023380353576,0.6641479049410138,0.003979451720894488,0.5780747912742279,0.0008426284893085812,0.6491870637778397,0.0016493232364914697,0.7558995681804616,0.00403377380168352,0.6898108439131098,0.00483596366497555,0.8558316420722794,0.0034425498490416252,0.5928536018172463,0.00043683794421747654,0.6324030671800885,0.0024233594802873476,0.6022746150310223,0.0003197241224640223,0.6725190694515522,0.004702685557556554,0.5680798645857926,0.000354852376423858,0.7701551940414931,0.002917563161495459,0.5687579152348278,0.0005122339330577793,0.5336371444083832,0.0004026262727015969,0.5251515710746849,0.0007150182522869167,0.5832667029820956,0.0018262052569528121,0.5012695835186884,8.905790533530168e-05,0.5398542422514695,0.00040268118475348904,0.5897890375210688,0.00026665455380270444,0.697651323381361,0.0028080202525246193,0.5138105625634665,0.00033844239286346626,0.5587054897140671,0.0006145876853894391,0.6817101796904763,0.0019315340332968344,0.5358628715787616,0.0003079467924480623,0.6232469546925891,0.005182770193441884,0.6923092767432496,0.009652387239499488,0.8460693804772346,0.0042836197759383,3.3471163511276245,0.11254697420661448,0.0,0.21051935642496328,0.5273876548176615,0.0,0.0,0.4472953657685683,0.00011476176312949453,0.43523557367984544,0.012348335665377273,0.370249654991442,0.12955496043382203,0.0,0.04775551457192352,0.0,0.39747447972236977,0.0,0.22365540640900136,0.0004932201085578325,0.0,3.6970478032297394e-05,0.2511434161442335,0.0,0.0,0.0,0.03574105018711034,0.0,0.0,0.1433646645567698,0.0,0.0739845556603946,0.09049933399801838,0.20464889923044285
10,0.013705931184301665,0.5055110768957453,0.0001979740589996544,0.6220814035489008,0.002408578556611786,0.7148675466631795,0.0040192701693900585,0.5531119468447926,0.00043731469886152297,0.5478259161278441,0.00045410003516295987,0.6642237855837896,0.003983757698493958,0.5780859602676643,0.0008424429547880868,0.6492349518524422,0.0017214524243052557,0.7560153066456973,0.004038196067315537,0.6898825489557706,0.004830894066829357,0.8559811089065049,0.00343296208526366,0.592846616938874,0.0004347415177527672,0.632514082468473,0.002414261085585087,0.6022696966653341,0.0003173695834018392,0.6726436863888751,0.004746244728416818,0.5680751505788866,0.00035302419092948805,0.7702541796715705,0.002899658110166726,0.5687532811374455,0.0005083787869047988,0.5336341045714996,0.00040082814530750923,0.5251396704506088,0.0007104657975455316,0.5833293422237857,0.0018310502035911757,0.501268649494255,8.855549340596254e-05,0.5398498839074439,0.0004000284129838142,0.5897849117006574,0.0002659135959450166,0.697756501344534,0.002795615802764647,0.513808575960306,0.00033700483090597316,0.5586931561375712,0.0006105694384122227,0.68178007039395,0.001953803739385106,0.5358595965982793,0.00030669312448251053,0.6232959470906101,0.005157107028695703,0.6925473553793771,0.00958846718620427,0.846213522193196,0.004287466756707815,3.3650603532791137,0.111899393325677,0.0,0.2163357260945178,0.5138617134560457,0.0,0.0,0.46149508334540357,9.749612235652387e-05,0.4303474155786029,0.01248268363918843,0.3774211378283161,0.13264129311332815,0.0,0.04801422717733699,0.0,0.3940374300937747,0.0,0.20178976312971947,0.0005909851280612697,0.0,3.432193558141121e-05,0.2514220268531059,0.0,0.0,0.0,0.034652406265885845,0.0,0.0,0.13862699191431596,0.0,0.07172528327396144,0.08765431451168784,0.2075502869604738
11,0.013674231768063792,0.5055096457292746,0.00019768365130473214,0.6221744699792547,0.002416409724161725,0.7149832176638173,0.004017350136604324,0.5531038746729002,0.0004379768716906975,0.5478190589737106,0.0004524583365399759,0.6643337843182323,0.003965505738461206,0.578097810457041,0.000841909094111083,0.6493005287516248,0.0017160733670487508,0.7561274393574222,0.00405824915467567,0.6899072868483407,0.004862528870005038,0.8561122188201318,0.003434732871687879,0.5928397054200644,0.0004344001240647081,0.632623267697764,0.002404545591171872,0.6022648804790371,0.000315458534744691,0.6727581266518478,0.004799685343091918,0.5680705079665551,0.0003527202569095387,0.7703314548010355,0.0029037931452986303,0.5687486018453326,0.0005058794567658269,0.5336311263042491,0.00039993396641655854,0.5251278130562751,0.0007084551002513003,0.5833932888376844,0.0018321132040480255,0.5012674272715391,8.822837042936334e-05,0.5398452989347688,0.0003985345191232717,0.5897807950501913,0.0002660310778742564,0.6978500413370656,0.002801155802604466,0.5138065035526569,0.0003366339637528194,0.5586809679702088,0.0006072749889066832,0.6818517459617867,0.001931503419265417,0.5358562069934804,0.0003059110209246033,0.6233570536414346,0.005130265133869886,0.6927559736010792,0.009582217052261663,0.8463689108471294,0.004220700338559614,3.3364580631256104,0.1184956590565119,0.0,0.21720080224964441,0.5447810968237363,0.0,0.0,0.4822932154127478,8.773084181591036e-05,0.43901790447138306,0.011243587962788954,0.4035680571145107,0.14481441061215983,0.0,0.05764094986214158,0.0,0.4294010192223773,0.0,0.24416149434550838,0.00028851893091613224,0.0,1.1523525599230998e-05,0.28267330616331865,0.0,0.0,0.0,0.0420472998968697,0.0,0.0,0.14416636401563923,0.0,0.07421204655671614,0.08667652181966987,0.18757523998083703
12,0.013636310057775988,0.50550873200972,0.00019701437977946026,0.6222209393323123,0.0024145122442860156,0.7150596563632672,0.004007698402607015,0.5530991154712636,0.000436596929400796,0.5478144504211762,0.00045146027536407767,0.6643729412948692,0.003964424338626706,0.5781038023613312,0.0008416144881086619,0.6493300874154646,0.001703066840271496,0.7562052640286121,0.004030439064960804,0.6899625731038523,0.004835404368670105,0.8561948452677045,0.0034203462451082335,0.5928356686791221,0.000432829842243886,0.632687196626768,0.0024011010146740785,0.6022619526464861,0.00031455953365286485,0.6728275798179291,0.004739067166695719,0.5680676620085161,0.000351546166891969,0.770393369617043,0.0028774599707173695,0.5687455521835075,0.0005042358529613261,0.5336292890401987,0.00039869911951437634,0.525121482519003,0.0007075497040724647,0.5834294498621763,0.0018448332410336441,0.5012668967247009,8.794225522961115e-05,0.5398425702210311,0.00039706940511318313,0.5897783519147517,0.00026531445565614286,0.697916668849987,0.002776748435520618,0.5138053180097224,0.0003355998969010006,0.5586741442208761,0.00060591727634636,0.6818909075233962,0.0019196574329935873,0.5358540677762293,0.00030514391863227384,0.6233815282255739,0.005113376770168543,0.6928578621738559,0.009556795982132247,0.8464461368518871,0.0042285847619615985,3.351710653305054,0.11387255774866009,0.0,0.2304562627678775,0.5231204634650451,0.0,0.0,0.45439926769902533,9.556654343938445e-05,0.4460526692712096,0.012099142313976319,0.3713848259310156,0.13179849481381503,0.0,0.05117238564033107,0.0,0.40032344087677696,0.0,0.21723301184356547,0.0004306762271101223,0.0,3.934384560118485e-05,0.25379446780859405,0.0,0.0,0.0,0.03710912664392536,0.0,0.0,0.14952342366796603,0.0,0.07445919747281213,0.09045885041633757,0.19997123070869968
13,0.013633086100466305,0.5055083128122183,0.00019695537256276502,0.6222310609869904,0.002412239400795303,0.7150705843181401,0.0040087211726151485,0.5530978794936295,0.0004365008147203128,0.5478130932692643,0.00045133209170052107,0.6643798462637178,0.003963177616881964,0.5781053219522748,0.0008416669520806613,0.6493352651596069,0.00170608122217735,0.7562168554945307,0.004030088372758825,0.6899675582791422,0.004837043449067726,0.8562080630889306,0.0034204240367686437,0.5928344543163593,0.0004328029949197566,0.6326977735037332,0.0024002094556076024,0.6022611967809908,0.0003144025817324131,0.6728401734278753,0.0047427587956957685,0.5680669591977046,0.0003514737174635149,0.770402824485695,0.002878003057148717,0.5687441321519705,0.0005041442264273129,0.5336288482278257,0.0003985972562676889,0.5251209585221259,0.0007073511737322046,0.583435784984421,0.001844638642269074,0.5012669157195877,8.79065727941042e-05,0.5398415287772378,0.0003970153247592152,0.5897777597982805,0.00026528195223443537,0.6979285334492777,0.002776131259052308,0.5138049001222128,0.0003355488829234113,0.5586725931901199,0.0006055790698475583,0.6818982192448207,0.001917999350673079,0.5358531429217412,0.000305033618872755,0.6233900110800188,0.00510885082709777,0.6928759859158442,0.00955600122112658,0.8464624043349381,0.004226542649800879,3.363933825492859,0.11496346612906572,0.0,0.19516217686827025,0.5294982526758237,0.0,0.0,0.485023505278143,4.276550251497529e-05,0.4435359820483507,0.011646481249358092,0.4021428229224188,0.14374684680322644,0.0,0.05957383765174985,0.0,0.4117392598207708,0.0,0.22180074081415802,0.0003071640990479405,0.0,1.228431429854596e-05,0.2491433311411869,0.0,0.0,0.0,0.037042772133180024,0.0,0.0,0.14250991689696887,0.0,0.07149365706558397,0.08354549896864498,0.19086361987640643
14,0.013629952041370855,0.5055079073696346,0.0001968758048490969,0.6222390807591952,0.002414606877789413,0.7150819642203194,0.0040102961196840465,0.5530966186261439,0.00043635856830975513,0.5478116955075946,0.00045107200675884485,0.66438666673807,0.00396405828855727,0.5781063791159745,0.0008418566039936096,0.6493403715091747,0.00170996446440068,0.7562288045883179,0.004030546485599908,0.6899736975575541,0.004837272814116799,0.856222621687166,0.003418764909908462,0.5928332347136277,0.0004325889407242597,0.6327090106167637,0.002399422708709448,0.6022604599103822,0.0003142341378766654,0.6728530781609672,0.004739876134208516,0.5680663487413428,0.00035130462900589596,0.77041152545384,0.00287604199371884,0.5687427566601679,0.0005037581956188021,0.5336282973761087,0.0003983551722050614,0.5251204436951942,0.0007069985411682544,0.5834423251204438,0.0018445777765649196,0.5012669563293457,8.787141032971105e-05,0.5398405325281751,0.0003968121386056377,0.5897771978116297,0.0002651901248919875,0.6979374898659004,0.002775536013439625,0.5138044927146409,0.000335376379643004,0.558671107003977,0.0006054124144381834,0.6819048674551995,0.0019196303430842338,0.5358521283327878,0.00030491861964417315,0.6233922105569106,0.0051118899622911605,0.6929018772565402,0.009551122100194813,0.8464759850240016,0.004224597834623777,3.3500943422317504,0.11521684363062472,0.0,0.20885032012295496,0.5285451737347192,0.0,0.0,0.46592513235140076,8.789663359756378e-05,0.4503368454734284,0.011693988067723964,0.39372301552511374,0.1425057983005535,0.0,0.056577984035569816,0.0,0.415805044545314,0.0,0.22343981997752463,0.000349796067389021,0.0,3.466399671947227e-05,0.2484271343046764,0.0,0.0,0.0,0.03691773664409627,0.0,0.0,0.1479929284239969,0.0,0.07493336385727842,0.08795556612950829,0.19283678798842624
15,0.01362686872912141,0.5055074750722109,0.00019683746031260344,0.6222473716997838,0.0024139830416610854,0.7150950752771817,0.004008504515385849,0.5530953675835997,0.0004362566518926082,0.547810299710913,0.000451000087835652,0.6643951960972377,0.003963182125736929,0.578107706793062,0.0008418961846433416,0.6493454765487503,0.0017110248228054043,0.7562417053914332,0.004030175858233533,0.6899811946428739,0.004836186645091972,0.8562379761056585,0.0034175530692644334,0.5928319790861108,0.0004323706823045511,0.6327202470747979,0.002398927170900976,0.6022596732600705,0.00031413584320734325,0.6728655008169321,0.004740556517160487,0.5680657075001643,0.00035119080448466875,0.7704214198248727,0.0028759655952044242,0.5687413464535723,0.0005035992586412109,0.5336277694492549,0.0003982633740863773,0.5251199026684185,0.0007068065368022852,0.5834483654944451,0.001844077598774335,0.5012669563293457,8.78468695840898e-05,0.5398394707795028,0.0003966316155408724,0.5897765781853225,0.00026513784793608537,0.6979483739360348,0.0027747813933324274,0.5138040499372797,0.00033527464736355365,0.5586696050979278,0.0006051320966574936,0.6819114115211989,0.001920105873128645,0.5358511766234597,0.00030482203634404627,0.6233981736413725,0.005109222435039355,0.6929197390000899,0.00955095363059337,0.8464909208999886,0.0042240277539099475,3.357185435295105,0.11587330220250243,0.0,0.20059747793258115,0.5309835022702714,0.0,0.0,0.4784826497041804,4.248689989259637e-05,0.4420150956828454,0.01167421576462135,0.40222048775931746,0.14258445880680598,0.0,0.05536307467766054,0.0,0.4173322336799403,0.0,0.2244288245506544,0.0003314053382713573,0.0,8.063215612010809e-06,0.26193660400856456,0.0,0.0,0.0,0.037861959726667366,0.0,0.0,0.14533984017432616,0.0,0.07260799829664358,0.08483905478677344,0.1992962372044476
16,0.013623716463181343,0.5055070460497678,0.0001967923435386383,0.6222570983918159,0.002411672971172995,0.7151063634799077,0.004008385887533263,0.553094126365997,0.0004361434641376056,0.5478089307690714,0.00045098246290773195,0.6644022111054305,0.003962675090316315,0.5781089598005944,0.0008420754336159686,0.64935089467646,0.0017119856144475576,0.7562533027523166,0.004028172402995751,0.6899901346845941,0.004833804236233726,0.8562523290351197,0.0034160735597322275,0.5928307339385316,0.00043221204276171075,0.6327313479486403,0.002398666430643381,0.6022588728548406,0.00031402361723799056,0.6728780243422959,0.004738278263555533,0.5680649915894309,0.00035108662628412636,0.7704302904370067,0.0028754602241391255,0.5687399899566566,0.0005035225375859926,0.5336272651022607,0.0003981941984390717,0.5251193740865686,0.0007066588348627172,0.5834551139192267,0.0018442482115050961,0.5012669759792286,8.781799024890771e-05,0.539838385450971,0.00039653463294258813,0.5897759808288826,0.0002651120852093739,0.6979602293653803,0.0027732563890762382,0.5138036661095672,0.0003351761378535929,0.5586681025368827,0.000604853195369827,0.6819184304593684,0.0019204949190620088,0.5358502511139754,0.0003047267303342808,0.6234051834095965,0.005105701537424146,0.6929371409363799,0.009546681349472766,0.8465051153203943,0.004229780942186263,3.3437150001525877,0.11743184074080423,0.0,0.24139003793948288,0.5424760842660864,0.0,0.0,0.47617023591806545,6.17202310372174e-05,0.441854461668225,0.011355282895358795,0.3962321239046007,0.14124678646829583,0.0,0.05851506537215321,0.0,0.41617770848718943,0.0,0.2260625232547043,0.00026896596584137354,0.0,2.0950146327349883e-05,0.26922370045497,0.0,0.0,0.0,0.04079545102614477,0.0,0.0,0.14666598099292075,0.0,0.07487035020414985,0.08740598553827728,0.18702548897190566
17,0.01362053854493322,0.5055066157173325,0.00019674695971304203,0.6222653533076192,0.0024116233094840997,0.7151177250421964,0.00400920433202083,0.5530928851483943,0.0004360839566388577,0.5478074878126711,0.0004509087822433295,0.6644132353447296,0.003961472007686497,0.5781100176192902,0.0008420114763494284,0.6493562178297357,0.0017104059608735063,0.7562642739369319,0.0040268395140838735,0.6900002307944245,0.004832504443814057,0.856265834399632,0.0034150429323295153,0.5928294927209288,0.0004320618438094363,0.632743762744652,0.002398173833281252,0.6022580455947708,0.00031391254894545426,0.672890148975037,0.004735111095814628,0.5680642409639044,0.0003509988038766116,0.7704387615015219,0.0028746958014780432,0.5687386229798034,0.0005032920135008581,0.5336268216699034,0.00039808191650081426,0.5251188756345393,0.0007065342487204452,0.583460400392721,0.00184538764341806,0.5012670159339905,8.778937202865503e-05,0.5398374147467561,0.0003963548694558155,0.5897754050873139,0.0002650839273733404,0.6979716315374269,0.0027713899949698578,0.5138033320615579,0.0003350844827754382,0.5586666320706462,0.000604644493080911,0.6819249699403952,0.001919112278591166,0.535849296784663,0.0003046638567856472,0.6234119992989761,0.0051023851246010145,0.6929573711458143,0.00954430332857665,0.846518717624329,0.004229164835203767,3.351287031173706,0.11119867276108908,0.0,0.22393501345622951,0.5179200043107021,0.0,0.0,0.439806558497393,0.00011832870904126356,0.42402456758010365,0.012444177044871602,0.35837288666131967,0.13351909587634364,0.0,0.044458698211951066,0.0,0.38538912050918817,0.0,0.21059286833627505,0.0005994133640835951,0.0,4.340987617577579e-05,0.2557598610840419,0.0,0.0,0.0,0.03529038119103909,0.0,7.301508492187496e-07,0.14443644166777117,0.0,0.07362824161593748,0.09219097503295412,0.20582675517857935
18,0.013617552192574675,0.5055061971748268,0.00019672859191784513,0.6222741970649133,0.002412379243101536,0.715130586545546,0.004008450853679288,0.5530916288658813,0.00043607328728655006,0.5478061987803533,0.00045084305172197645,0.6644227832228273,0.0039601425427923,0.5781114199659326,0.0008420081098997648,0.6493617964314891,0.0017105110097103394,0.7562766992128812,0.004026878071861894,0.6900059744551942,0.004832666105038108,0.8562804866623093,0.003414318623062182,0.5928283432027796,0.00043191672107690925,0.6327538706444122,0.002398093994118396,0.6022572510845059,0.00031382533004264355,0.6729027268650768,0.004731046561034048,0.56806357221289,0.0003509407414949837,0.7704492296491351,0.002873199104694752,0.5687373385324583,0.0005030434637504456,0.5336263009480068,0.0003980055691579684,0.525118337227748,0.0007062334001862577,0.5834679086129744,0.0018440683200893985,0.5012670159339905,8.777739472302179e-05,0.5398363326932047,0.00039610487027068184,0.5897748234507801,0.00026502715679401135,0.6979814780937447,0.0027718263752451473,0.5138029397188962,0.00033504277394808175,0.5586650790749016,0.0006044870629461461,0.681931869669275,0.0019201411450522246,0.5358483837201045,0.0003046226467211874,0.6234161801390595,0.005102392932103312,0.6929763915774586,0.0095432519856431,0.8465343274912991,0.004225977894768201,3.3465062618255614,0.1156031504929067,0.0,0.2334856022256996,0.5333310776121357,0.0,0.0,0.4738569048587575,8.500148756215796e-05,0.42893707937058234,0.011781780298627649,0.3852151001661717,0.1314695755760451,0.0,0.055257583516481766,0.0,0.41022834287384596,0.0,0.22434917357785228,0.00033837195521659405,0.0,4.232410718890684e-05,0.2775920622283372,0.0,0.0,0.0,0.03966246641988274,0.0,7.301508492187496e-07,0.1368051743986305,0.0,0.07360771399476747,0.08791940427794982,0.19533534667643065
19,0.013614425773394633,0.5055057642224071,0.000196661520541446,0.6222828711782183,0.002411026895240686,0.7151433818942898,0.004008214145509915,0.5530904066431653,0.00043598687137761104,0.5478047983986991,0.00045065832139468744,0.6644301132841425,0.003960170903995346,0.5781126683884925,0.0008421113995539669,0.6493673167385898,0.001710201938544492,0.7562889024451539,0.004026348212641756,0.6900141422565167,0.004833009363929895,0.8562957736162039,0.003412741187136047,0.5928271517648802,0.00043171903490764346,0.6327658806528363,0.0023973853644597663,0.6022564310293931,0.00031368370072923824,0.6729152444954757,0.004733292483801411,0.5680628752970434,0.0003508434632209713,0.7704578926275064,0.0028736740082072523,0.5687360586700859,0.0005028470968482197,0.5336258051159618,0.0003978550634960961,0.525117787031027,0.0007060408959380136,0.5834737177733537,0.0018444353580899578,0.5012670159339905,8.773743564353816e-05,0.5398354248686151,0.0003960214105593348,0.5897741822096018,0.0002649830676091369,0.6979920556257059,0.002771204134070693,0.5138024661567185,0.0003348862194868091,0.5586635915787665,0.000604171392646654,0.6819383986703642,0.0019202348635439853,0.5358473638911824,0.0003044655848618157,0.6234240924919044,0.005099699648281375,0.6929954565488375,0.009539969521318819,0.8465499786230234,0.004223128438512743,3.3597697496414183,0.11285169997513389,0.0,0.22679975380049439,0.5190840709799327,0.0,0.0,0.46141220688353124,8.889641454891268e-05,0.4306810914757154,0.012333642956255683,0.37400025311843244,0.12754489965884247,0.0,0.05065863595353422,0.0,0.3995309534870491,0.0,0.2018825400231329,0.0004803735442592074,0.0,4.101301488743509e-05,0.26348548021641693,0.0,0.0,0.0,0.03685286444720005,0.0,0.0,0.1422753526179466,0.0,0.0729100987621107,0.08874927041830398,0.20244300143169083
20,0.013611541672067328,0.5055053646747882,0.0001965976302776803,0.6222917136255202,0.0024117697903420776,0.7151556866509574,0.004008052513069872,0.5530891693555392,0.00043582824822566423,0.547803364612244,0.0004505753476533445,0.6644399218506866,0.0039590123649379545,0.5781136620175708,0.0008421097715784397,0.6493725586723496,0.0017114170157903252,0.756301380120791,0.004024842939503327,0.6900221915035457,0.004830494466759674,0.8563090104323167,0.003412019494654877,0.592825880417457,0.00043155342387803065,0.6327766736785134,0.0023969827650964343,0.6022556443790813,0.0003136131420902969,0.6729273265534705,0.00472719215910759,0.5680621724862319,0.0003506799182434986,0.7704674994552528,0.0028709504365726566,0.5687346772833185,0.0005026447814108886,0.533625331553784,0.0003977257997925895,0.525117352768615,0.0007058028102939395,0.5834808762256916,0.0018443477021499568,0.5012670722636547,8.771598422154656e-05,0.5398343650849311,0.00039578074506857523,0.5897735671682672,0.0002648682310501789,0.6980034198079791,0.0027694568296403183,0.5138021393136664,0.0003347909915936435,0.5586620896727175,0.0006040936511983471,0.6819451379252004,0.0019207189200512534,0.5358464586865771,0.00030443479540785977,0.6234256566225828,0.0051023406098125975,0.6930178639652965,0.009537186611771256,0.846563078544952,0.004227030265610665,3.358642840385437,0.1176319894116898,0.0,0.1894094151676769,0.5433674201715837,0.0,0.0,0.4918462313790289,5.573618209741578e-05,0.4434688971065843,0.011323836278007452,0.4164423026194128,0.1412989679462395,0.0,0.06239252250746328,0.0,0.4378570319682681,0.0,0.23575149800761758,0.0003514260650258752,0.0,2.2530709671690028e-05,0.26657251457397085,0.0,0.0,0.0,0.04210657884805436,0.0,7.926568272160828e-07,0.1473304195688785,0.0,0.07221958202790583,0.08223481029854962,0.1801711470912095
21,0.01360824835681162,0.5055049349973489,0.000196539786894381,0.6222999777112689,0.0024106563315189514,0.7151673174166417,0.0040074358751823365,0.5530879261729481,0.0004357239209879241,0.5478019773305117,0.0004504765430273447,0.6644474746106745,0.00395896284301141,0.5781148508354857,0.0008422276200240499,0.6493774672130962,0.0017125133522862958,0.7563138427315178,0.004024007512450955,0.6900293231010437,0.004830894581103636,0.8563225007319188,0.0034113630190604253,0.5928246496797918,0.0004314770253636148,0.6327878249870552,0.002396045683801256,0.6022548492138202,0.0003135147076586241,0.6729393680017073,0.004726935900839885,0.568061453300518,0.00035060445536925854,0.7704768816193381,0.0028705648818196585,0.568733288036598,0.0005025415672347522,0.5336248173818483,0.0003976298494208195,0.5251168752764608,0.0007057382429663378,0.5834875093711601,0.001843925243420117,0.5012670755386353,8.769111190014263e-05,0.539833318401169,0.00039567734123780753,0.5897729593318898,0.0002648341566212936,0.6980153289470044,0.0027690760108161267,0.5138017338710826,0.0003347307353908616,0.5586605550168635,0.0006038964577953096,0.681952069748889,0.0019188310633091112,0.5358455390720577,0.00030435576507563264,0.6234344826949821,0.005097567770312858,0.6930334397724697,0.009537672279863157,0.8465783222691043,0.004222740359722053,3.346444845199585,0.11493452179160746,0.0,0.22853129964123586,0.533275437345715,0.0,0.0,0.4626778937018795,0.00010352413410840879,0.43829758328105217,0.012024412150027076,0.37991165828908324,0.13236338077229307,0.0,0.05111881078622471,0.0,0.4062116911127485,0.0,0.2251588319355459,0.00045247237764031706,0.0,3.490851496396826e-05,0.2614816866795142,0.0,0.0,0.0,0.03698357095806767,0.0,0.0,0.1429953788942314,0.0,0.07463576805954421,0.08964155315238231,0.20200483554518106
22,0.013605189780899129,0.5055044968049605,0.00019652232323686214,0.6223090932919428,0.002411060659841706,0.7151809721202641,0.004006035620817444,0.5530867019852439,0.0004357236365859325,0.5478005979087327,0.0004503723954497888,0.6644550077207796,0.0039576266823172735,0.578116352741535,0.0008421830977198084,0.6493832036689088,0.0017118456163878583,0.756325330053057,0.004023106382381948,0.6900355828987373,0.004827451701583034,0.8563384040371402,0.003410199470306327,0.592823502781627,0.00043128129586725815,0.6327988583962996,0.0023958911891555886,0.6022540691134693,0.00031342770743431975,0.6729524351738312,0.00472638758467408,0.568060828434242,0.00035055579696295804,0.7704844913639866,0.0028717877320269796,0.5687319112348033,0.0005023437280305098,0.5336243562645965,0.00039754576333747295,0.5251163414546421,0.0007054933860442591,0.5834933977860671,0.0018438314862298565,0.501267087328565,8.766708013174319e-05,0.5398323693118252,0.00039553517622202837,0.5897723036807972,0.00026481530965231665,0.698024685566242,0.002768461738334416,0.5138012288690923,0.0003346202100766567,0.5586590603157714,0.0006036172002255865,0.6819592255812424,0.0019205632020852395,0.5358445591978974,0.0003042513107085232,0.6234393185311622,0.005096377813830399,0.6930557253596547,0.009531069616019561,0.8465942530841618,0.004219867424670975,3.352488660812378,0.1180811185141419,0.0,0.2216711688314108,0.544528312231297,0.0,0.0,0.48750147631057794,6.424081129915147e-05,0.44946291846087566,0.011252880981097528,0.4049930549269526,0.14116520562323714,0.0,0.061795184718017246,0.0,0.419298778378096,0.0,0.2358165797069832,0.00030648632063476865,0.0,1.2079483000559579e-05,0.26911450805174486,0.0,0.0,0.0,0.041967900894558555,0.0,0.0,0.14707970469268464,0.0,0.07218123683844375,0.08404286932526321,0.18634120586636588
23,0.013602121968518247,0.5055040618875525,0.00019644749289120106,0.6223177968800723,0.002410891257638398,0.7151948652424656,0.004004359228029888,0.5530854620776333,0.00043559204265705546,0.5477992623716921,0.0004502702908971664,0.6644626279453655,0.003957161161112138,0.5781172743210425,0.0008422616994901366,0.6493885543320205,0.0017127866957817677,0.7563375051204975,0.004023333109536587,0.6900424990025196,0.004829406478585532,0.8563524314335415,0.0034089877409604636,0.5928222438791296,0.0004310907458932559,0.6328097110266214,0.002395189491325764,0.6022532673982474,0.00031330238426152804,0.6729618048929906,0.0047290084255439645,0.5680601374133603,0.0003504100431410524,0.7704941296315455,0.0028696336916514804,0.5687305625978407,0.0005021794578559431,0.5336238322677193,0.0003974484665137664,0.5251157807779836,0.0007052082532586959,0.5834997512482025,0.001844596032662174,0.5012671050134596,8.763126714876597e-05,0.5398313141131139,0.0003953537770040374,0.5897716807795095,0.00026471213501421374,0.6980359835939093,0.0027668994555894574,0.5138008849961417,0.00033449593959900724,0.5586575643046872,0.0006033498358082507,0.6819653642046583,0.0019231212103437468,0.5358436061785772,0.00030413214347560654,0.6234446921191372,0.005094719146235058,0.6930755979412204,0.009528537453561612,0.8466087592827095,0.004215436557098036,3.3454241037368773,0.11767373843238263,0.0,0.21111933934449695,0.5360120343938136,0.0,0.0,0.48177275874221515,7.443408208522006e-05,0.4470343668036243,0.01141679036283506,0.4043985163814298,0.1433021938450444,0.0,0.06022762147241113,0.0,0.4275313069236929,0.0,0.2370042748376128,0.0003354942888485489,0.0,9.449910446396012e-06,0.2700577860730421,0.0,0.0,0.0,0.04009797987662576,0.0,0.0,0.1465275401592081,0.0,0.07335033554937428,0.08594445495222111,0.18934295183721597
24,0.013599157783683839,0.505503644655039,0.00019642294628883375,0.6223265646578191,0.002410599372444347,0.7152053936497196,0.004005823047719077,0.5530842188950423,0.00043555722072346977,0.5477979451745421,0.00045016846011244373,0.6644732677019559,0.003956004020957542,0.5781184002593324,0.000842243010353471,0.6493940635041876,0.0017111969828365145,0.7563498013622159,0.004022607540808986,0.6900487450452951,0.004829627409280574,0.8563673535546104,0.003407931053796067,0.5928210151064527,0.0004309443291596516,0.6328222515818837,0.002394690260209225,0.602252450618115,0.00031319970410869833,0.6729747718507118,0.004724744692634136,0.5680594332925566,0.0003503502664318728,0.7705028227397374,0.0028697925646646093,0.5687292421257103,0.0005019457465815511,0.533623314165807,0.00039732189427493244,0.5251151565667037,0.0007050794010065946,0.583505976331103,0.00184443992195436,0.50126713514328,8.76125866672917e-05,0.5398303060741215,0.00039521504128300634,0.5897711109329056,0.0002647168051795573,0.698046265067635,0.0027665555500169543,0.5138005011684292,0.0003344203796586953,0.5586560558486771,0.0006031556116355644,0.6819718270511418,0.0019214739005981975,0.535842674774128,0.0003040643134007261,0.6234495888699542,0.005093345350770095,0.6930961530287187,0.009528291989936606,0.8466220000287988,0.004218516704385875,3.3521676063537598,0.11407490938187892,0.0,0.18587386358311436,0.5243562960260881,0.0,0.0,0.47468106260669807,0.00010852107483983204,0.4391577027865079,0.011929876341606579,0.3875015131331076,0.13637246674044806,0.0,0.05167270011586422,0.0,0.4183324449771077,0.0,0.2245848560344179,0.00041535190763899017,0.0,3.248005649539021e-05,0.25732892152008036,0.0,0.0,0.0,0.03785857020065085,0.0,0.0,0.14085181040050102,0.0,0.07413169064424327,0.08801501000059139,0.19719196207012404
25,0.01359609688458207,0.5055032202175685,0.0001963250680281627,0.6223352859308432,0.0024100102587848657,0.7152161303457323,0.004007407324004836,0.5530829901223654,0.000435394334819828,0.5477965677177513,0.0004499307120408208,0.6644788914984399,0.003956501901144632,0.5781197226964511,0.0008425144419511576,0.6493990211696415,0.0017137823144746638,0.756360473868611,0.004022475028830161,0.6900576097624642,0.004829360493254121,0.856380473781418,0.0034071115366244627,0.592819808603643,0.0004308704903431155,0.6328328913384742,0.0023939764878078067,0.6022515879882561,0.000313043817756237,0.6729886800378233,0.00472093298506749,0.5680586983869363,0.0003502016557172033,0.7705130655686934,0.0028682749342316617,0.5687279557133769,0.0005017440523990625,0.5336228419136215,0.0003971009701362473,0.5251145749301701,0.0007048870032591806,0.5835131839081481,0.0018425440658165326,0.50126713514328,8.758134604399706e-05,0.5398293052400861,0.00039512283698998516,0.5897704244969966,0.0002646276949275449,0.6980575519603688,0.002766719931649597,0.5138000963808416,0.0003343156214603888,0.5586545735925108,0.0006029926397796761,0.6819791197776794,0.0019216330544153167,0.5358417387847062,0.0003039747789843714,0.6234542203473521,0.005093339532562583,0.6931170329942808,0.009525702096992633,0.8466374140519363,0.004215825659320127,3.3531670331954957,0.1150957013125276,0.0,0.21392871772986854,0.5313866650851518,0.0,0.0,0.4627318226453161,8.250108557642252e-05,0.45260923477122483,0.011834470697444548,0.38795538194807033,0.14114349466704607,0.0,0.0534230830199667,0.0,0.41447394530848847,0.0,0.22457691110312544,0.0003691357991617977,0.0,3.167399513546494e-05,0.2448122737160096,0.0,0.0,0.0,0.03646674032005915,0.0,0.0,0.14994151059362895,0.0,0.07545356500061819,0.08876758349825103,0.19307373101673975
26,0.013593112701898093,0.5055028062600356,0.00019630327821417538,0.6223442816472315,0.0024090178821307537,0.7152295119159824,0.004004939596148228,0.5530817502147549,0.0004353813873731869,0.5477951653711088,0.0004499901340670556,0.6644886188454681,0.003955579582847409,0.5781209298542568,0.0008424730036934776,0.6494043842776791,0.0017123949882871174,0.7563732371225462,0.0040198691569238,0.6900656956892747,0.004825888507344484,0.8563945221376943,0.003406188935604315,0.5928185261212863,0.0004306823204867644,0.6328429651784373,0.002393960300321271,0.6022508026479365,0.00031296233726527215,0.6730009029199789,0.004720386429203694,0.5680579923011444,0.0003501662561845208,0.770522449697767,0.0028676725687346535,0.5687266083864065,0.0005015999735665641,0.533622417476151,0.0003970819626164694,0.525114017528492,0.0007048001481542507,0.583519384101197,0.0018429020630799562,0.5012671462782137,8.755190747951229e-05,0.5398282395614372,0.0003948898929693214,0.589769816005623,0.00026458095165723066,0.6980695600038046,0.0027654280305256717,0.5137997570928636,0.000334242904900348,0.5586530487615984,0.0006026964270699114,0.6819861773606185,0.0019194957151609873,0.5358408944947379,0.0003039050171027666,0.6234633922576904,0.005089987079602677,0.6931317835063725,0.009525658338903807,0.8466529400794061,0.004215556343347039,3.3517319679260256,0.116955752577576,0.0,0.22285016084763468,0.5385259052831763,0.0,0.0,0.48592672790373603,4.457519837950218e-05,0.4376583373441593,0.011587617099110355,0.4026810393384596,0.13896473859904096,0.0,0.06111697097874047,0.0,0.42822453043078357,0.0,0.22066892794891801,0.0002857660513297799,0.0,1.291947699458145e-05,0.26488759954849656,0.0,0.0,0.0,0.03905451385280165,0.0,0.0,0.14201507051198706,0.0,0.0737533725392935,0.0853546908633526,0.18897061866603765
27,0.013590076411204351,0.5055023621726822,0.00019622608158317815,0.6223526400524181,0.002408073478503726,0.7152412114562569,0.004006275607165522,0.5530805050671755,0.0004352746378812059,0.5477937250346928,0.00044973508472769306,0.6644977704509274,0.003954815547171325,0.5781221343920782,0.0008426578138963892,0.6494095181370829,0.001714431971137586,0.7563845901698857,0.004019816058744154,0.6900741032191685,0.004826263585997807,0.8564092765797625,0.0034055882485348036,0.5928173543332698,0.000430611469770096,0.6328547636231223,0.0023931898208652304,0.6022499937277573,0.00031286400485691705,0.6730106518818781,0.004723634650152954,0.5680572940753057,0.00035008045569366705,0.7705306397689567,0.0028677895955567423,0.5687252315846119,0.0005015299201669212,0.5336218967542543,0.0003969570072393373,0.5251135158014821,0.0007045658651974748,0.5835253530806237,0.0018433283702316847,0.5012671947479248,8.752632561231871e-05,0.5398272708222106,0.0003949129417638427,0.5897691616645226,0.0002645280654798006,0.6980788845282334,0.0027647982210760097,0.5137992127911075,0.00033414345687181064,0.5586515678154244,0.0006025056175601024,0.6819925026579218,0.001919773749810142,0.5358398818707728,0.00030378824589866123,0.6234668526020679,0.005088274386982628,0.6931565135389894,0.009520345880486236,0.8466673165887266,0.004213013151496812,3.3550066471099855,0.1133551198638483,0.0,0.2217228612267895,0.5201377283444374,0.0,0.0,0.455564151620922,9.400102550589687e-05,0.44988144977333766,0.012129556694974699,0.3743351427377853,0.13498531358914723,0.0,0.0497028272328469,0.0,0.3980624229379353,0.0,0.21143857167318886,0.00047781434768072727,0.0,3.3881863215237195e-05,0.25041454536357677,0.0,0.0,0.0,0.036564147991538155,0.0,0.0,0.14681519490529432,0.0,0.07439573058038422,0.08952354972457358,0.20108494401001212
28,0.01358697856111186,0.5055019207053132,0.00019617038284835232,0.622361325955653,0.0024081760835782677,0.7152531402451652,0.004005906021780243,0.5530792455096821,0.00043513542170710556,0.5477923560928513,0.0004496341830267888,0.6645038311298077,0.003954817310031913,0.5781234109794701,0.0008427731951527236,0.649415115733723,0.0017125029996380332,0.756395894747514,0.004017829737027309,0.6900840480249006,0.004824076231650926,0.8564245635336571,0.0034031378428942965,0.5928160941207802,0.00043032881288896676,0.6328660013911488,0.002393026449871096,0.6022491815325978,0.0003127640720577092,0.6730241847562266,0.004719693046114356,0.5680566233593028,0.00034992342861497183,0.7705398215042366,0.0028663558014259153,0.568723860677782,0.0005012644582126126,0.5336213845473069,0.00039678970946684723,0.5251129819796636,0.0007043258871647764,0.5835316194282784,0.0018435619521379512,0.5012671947479248,8.749997529206327e-05,0.5398262182434836,0.00039470123154607573,0.5897685649630787,0.0002644510278004928,0.6980901936908345,0.0027631623696044577,0.5137988178284614,0.0003339798962230446,0.5586500626343948,0.0006023200936736999,0.6819995012912121,0.001921323781121768,0.5358389105115619,0.0003036821617970018,0.6234724043489812,0.005087281080924875,0.6931763127609923,0.00951707325773416,0.8466813662549951,0.004213673770709148,3.3565691471099854,0.11705332624931919,0.0,0.22004300734611135,0.532357729000893,0.0,0.0,0.48053904439956774,8.08734331135703e-05,0.4470775373275863,0.011599859207714993,0.4045875129891147,0.14469726105618075,0.0,0.059899601868595234,0.0,0.42824313779487894,0.0,0.22489796177418914,0.000317597420437925,0.0,4.030551581796126e-06,0.25668195227822366,0.0,0.0,0.0,0.03787413232224221,0.0,0.0,0.1475797208160366,0.0,0.07328392036455204,0.08504917127318415,0.19089238875401007
29,0.013583958583914644,0.5055014759629637,0.00019614724186504934,0.6223703609718071,0.002408224311503735,0.7152650362842685,0.004005568052749508,0.5530780265619467,0.0004351403061933764,0.5477910408606896,0.00044957593922595403,0.6645154101508004,0.003952727328786361,0.5781246960818113,0.000842730992199894,0.6494207552501133,0.0017119547426393562,0.7564065403990693,0.004018451062870304,0.6900885609480051,0.004825435333199553,0.8564378416145241,0.0034030578297481024,0.5928148424232399,0.00043026182690512514,0.632877223439269,0.0023923426160363703,0.6022484106021923,0.0003126444795410722,0.6730361842847132,0.004717991260074816,0.5680559061385773,0.00034988805146985124,0.770548933154934,0.002865664260513098,0.5687225467556125,0.0005010712241298509,0.5336208828202971,0.00039673544217673756,0.5251124704277123,0.0007041401430007561,0.5835377338168385,0.0018425060399030182,0.5012672052278624,8.747667217883665e-05,0.5398251329149518,0.0003945139205725454,0.5897679774315803,0.0002644278933335694,0.6981004031149896,0.0027632816083176612,0.5137984051809206,0.00033395484198271144,0.5586485554883768,0.0006020817870324079,0.6820060984118954,0.001920255106377446,0.535838035436777,0.0003036372860091493,0.6234793427226307,0.005084784687394379,0.6931948144357283,0.00951410991595137,0.8466958030239566,0.00421111643311803,3.3433439254760744,0.11214583930342888,0.0,0.23313094268795634,0.5148725666467577,0.0,0.0,0.44412712202672644,0.0001001669449499862,0.41760496079938836,0.012115362719330183,0.36480311886697947,0.1413075092575256,0.0,0.046117754192766945,0.0,0.39413768877081873,0.0,0.2103704914688856,0.0005462497299124081,0.0,4.680515955457087e-05,0.2646631065461969,0.0,0.0,0.0,0.0361308687809059,0.0,7.301508492187496e-07,0.1396240410876884,0.0,0.07409345373407672,0.09135885035119196,0.2035150677872623
30,0.013580900637412465,0.5055010358055869,0.00019609032100921108,0.6223790305001395,0.0024080295627425005,0.7152790780905839,0.0040035695336492995,0.5530767735544142,0.0004350658323696385,0.5477896149341877,0.0004494803724810481,0.6645238130957216,0.003952131203662317,0.5781257846853235,0.000842816233481434,0.649426193027706,0.0017101558192075322,0.7564198230649088,0.0040167525575680475,0.6900956480057685,0.004823390624721299,0.8564526916860224,0.003401831185168863,0.5928136457453718,0.0004300645950434545,0.6328888620649066,0.0023922563823461944,0.6022476226418882,0.00031257303899210356,0.6730487693797101,0.004713295547005076,0.5680551921928322,0.00034978760735472094,0.7705578804016113,0.002864478514811208,0.5687212013936305,0.0005008866242900655,0.5336203503084707,0.00039660753212116944,0.5251119077860654,0.0007039693978635573,0.5835448103946644,0.001842398065971313,0.5012672543525696,8.745571052473919e-05,0.5398241720356785,0.00039433178496367944,0.5897673276754526,0.00026435288392739106,0.698111185005733,0.0027624075064323025,0.5137979715735048,0.0003338423208173641,0.5586470653722574,0.000601910546810269,0.6820124027493236,0.001923181449835813,0.5358370241228041,0.00030354990935398286,0.623483209164588,0.005085577872955332,0.6932162138131949,0.009513314492273871,0.8467106190356579,0.004210628743749112,3.358279991149902,0.11699324268617906,0.0,0.1956202178079779,0.5479957959163716,0.0,0.0,0.4837154089949574,6.673976262894587e-05,0.451001780947225,0.011436139889606206,0.4106904685495246,0.14416520694733598,0.0,0.05898753808692362,0.0,0.41921950808107733,0.0,0.23876374003300546,0.00034108344565255994,0.0,8.062078002229584e-06,0.25588372399322734,0.0,0.0,0.0,0.03914219605874882,0.0,0.0,0.1458228820568866,0.0,0.07250118005283254,0.08353304898921098,0.18488904426653435
