epoch,train_loss,train_loss_0,train_final_norm_0,train_loss_gd_norm_0,train_loss_1,train_final_norm_1,train_loss_gd_norm_1,train_loss_2,train_final_norm_2,train_loss_gd_norm_2,train_loss_3,train_final_norm_3,train_loss_gd_norm_3,train_loss_4,train_final_norm_4,train_loss_gd_norm_4,train_loss_5,train_final_norm_5,train_loss_gd_norm_5,train_loss_6,train_final_norm_6,train_loss_gd_norm_6,train_loss_7,train_final_norm_7,train_loss_gd_norm_7,train_loss_8,train_final_norm_8,train_loss_gd_norm_8,train_loss_9,train_final_norm_9,train_loss_gd_norm_9,train_loss_10,train_final_norm_10,train_loss_gd_norm_10,train_loss_11,train_final_norm_11,train_loss_gd_norm_11,train_loss_12,train_final_norm_12,train_loss_gd_norm_12,train_loss_13,train_final_norm_13,train_loss_gd_norm_13,train_loss_14,train_final_norm_14,train_loss_gd_norm_14,train_loss_15,train_final_norm_15,train_loss_gd_norm_15,train_loss_16,train_final_norm_16,train_loss_gd_norm_16,train_loss_17,train_final_norm_17,train_loss_gd_norm_17,train_loss_18,train_final_norm_18,train_loss_gd_norm_18,train_loss_19,train_final_norm_19,train_loss_gd_norm_19,train_loss_20,train_final_norm_20,train_loss_gd_norm_20,train_loss_21,train_final_norm_21,train_loss_gd_norm_21,train_loss_22,train_final_norm_22,train_loss_gd_norm_22,train_loss_23,train_final_norm_23,train_loss_gd_norm_23,train_loss_24,train_final_norm_24,train_loss_gd_norm_24,train_loss_25,train_final_norm_25,train_loss_gd_norm_25,train_loss_26,train_final_norm_26,train_loss_gd_norm_26,train_loss_27,train_final_norm_27,train_loss_gd_norm_27,train_loss_28,train_final_norm_28,train_loss_gd_norm_28,train_loss_29,train_final_norm_29,train_loss_gd_norm_29,train_loss_30,train_final_norm_30,train_loss_gd_norm_30,train_loss_31,train_final_norm_31,train_loss_gd_norm_31,val_loss,val_mIOU,val_iou_Animal,val_iou_Archway,val_iou_Bicyclist,val_iou_Bridge,val_iou_Building,val_iou_Car,val_iou_CartLuggagePram,val_iou_Child,val_iou_Column_Pole,val_iou_Fence,val_iou_LaneMkgsDriv,val_iou_LaneMkgsNonDriv,val_iou_Misc_Text,val_iou_MotorcycleScooter,val_iou_OtherMoving,val_iou_ParkingBlock,val_iou_Pedestrian,val_iou_Road,val_iou_RoadShoulder,val_iou_Sidewalk,val_iou_SignSymbol,val_iou_Sky,val_iou_SUVPickupTruck,val_iou_TrafficCone,val_iou_TrafficLight,val_iou_Train,val_iou_Tree,val_iou_Truck_Bus,val_iou_Tunnel,val_iou_VegetationMisc,val_iou_Void,val_iou_Wall
1,2.2389623827404446,0.0,0.5111422247356838,0.037679656657079855,101.70768291450264,0.6501669996314579,0.11027340243260066,3.682587298649651,0.5783862034479778,0.07372418538563781,0.0,0.5695785423119862,0.047692793380055165,1.2945196289378949,0.8340478592448765,0.39198210421535706,41.413765949682436,0.5888621648152669,0.11582663849824004,186.04799083012682,0.5872123645411598,0.07099090334441926,75.85351136409811,0.6600830495357514,0.08699142680399947,24.460698612776135,0.5986026499006484,0.05477109327912331,4.097575564035551,0.611281732055876,0.07254153388655848,6.746621785747776,0.6094016048643324,0.07513945284816954,29.012361653645833,0.5940401368670993,0.05212373009158505,62.12689576807395,0.5110103130340576,0.08390081348932452,0.0,0.6040420757399665,0.044954185291296904,22.919922904932914,0.530907979938719,0.06725761021176974,0.0,0.5802303963237339,0.04997929489860932,22.812254892794797,0.6626385543081496,0.07674347286423047,0.8940244271607258,0.9387524373001522,0.4047729976475239,0.0,0.5447140693664551,0.054506214749481946,1.7126720157790158,0.69596546292305,0.17152487544549835,67.05106186818786,0.5745995336108738,0.10342463681267368,1.8916974796701747,0.64159720506933,0.2841720590988795,0.0,0.5471978200806512,0.056273089866671296,0.0,0.588366346889072,0.04984236736264494,12.289599841864707,0.6116955935955047,0.09341439741353194,0.0,0.521052802933587,0.048174558414353266,1.1045456050059472,0.8321814742353227,0.30270065284437603,19.843922466736206,0.6405834224489,0.10406783459087213,0.0,0.5422759579287635,0.04255781502773364,19.327038793082455,0.588173297378752,0.09643527699841394,22.785788894115413,0.48807357913917965,0.0839669006359246,10.283770662342487,0.6171460588773091,0.06736928667459223,1.7100564122200013,0.13695270237692708,0.0,0.06746970205052223,0.17044230927759474,0.0,0.44257867464364864,0.0007130334622737083,0.0,0.29305070316654536,0.0,0.0,0.03148033236956904,0.0,0.018666598321983675,0.0,0.03797929913721929,0.0,0.09994985497340778,0.42655867769756844,0.0,0.3120673833676427,0.273260248695759,0.6377035921982553,0.0,0.0,0.15274585644084987,0.0,0.7301785839106187,0.2749291661148108,0.0,0.11700588590920213,0.08217522221468511,0.21353135210951005
2,0.9266638656457266,0.0,0.527638218137953,0.01329920394346118,22.129714443154615,0.7358810510900285,0.07753313519060612,1.9159458622349175,0.6854137672318352,0.06673142777548896,0.0,0.5889485491646661,0.016254750701288383,0.4124120783361025,1.2164691713121203,0.18721538020504847,17.297928888226668,0.6183375491036309,0.1338673137128353,138.27867161456047,0.623271029525333,0.08321130128784313,49.85067739483784,0.7432182199425168,0.06507980072249969,19.727915263015433,0.634732981522878,0.07060640276306206,2.3499354969014163,0.7279100815455118,0.10164705775678158,2.6916440344860826,0.7789435254202949,0.07848586038582855,31.224546983506944,0.5983283837636312,0.016532938523838917,21.468280384453546,0.6245657172467973,0.08959646763073073,0.0,0.6080527345339457,0.014807682453344266,8.907188142058871,0.6446148494879405,0.07452182289626863,0.0,0.5978345698780484,0.014967315085232257,8.835336483975768,0.7399973756737179,0.0672080667068561,0.23376570615548167,1.3663703428374396,0.11658740908735328,0.0,0.5582789500554403,0.017279561422765256,0.6449807458703792,0.9461832582950592,0.10013991776439879,19.08874568818946,0.656496853960885,0.07859923653304576,0.33306463241729745,0.9951090031199985,0.0936449447232816,0.0,0.5599117517471314,0.02242324831378129,0.0,0.589943195713891,0.019468191131535504,3.6749129187687397,0.7196271227465736,0.054874838826557,0.0,0.5397550536526574,0.015484242544819912,0.2863415440291223,1.188137005435096,0.09419093992975024,6.476956673223341,0.7236051387257046,0.08571996661937899,0.0,0.5531971169842614,0.013899897949563133,10.836708539789846,0.6349294735325708,0.09212471014923519,18.752453743045194,0.5505919304158953,0.09117491526736153,4.225906922804865,0.7387305597464243,0.07869651332083676,0.47211425602436063,0.3600319668600215,0.0,0.2583109994992939,0.6728373632393696,0.0,0.8165337366047452,0.21219159275926086,0.059613145128872905,0.4390561476700605,0.2936349799487451,0.5766384372234521,0.5672133935456012,0.0,0.3188884032132529,0.0,0.4675563004317526,0.0,0.44383433912739384,0.9177616760327597,0.0,0.7874015849239212,0.32332110950594684,0.9304927741893048,0.0,0.0,0.6683523937433417,0.0,0.9289193941032604,0.6510517061833699,0.0,0.40559873229394966,0.16577601554998814,0.6160387146030437
3,0.5613570706711875,0.0,0.5359539025359683,0.006225000642653969,15.34762769577356,0.7808299766646492,0.058541280051900284,1.020078465111125,0.7813202983803219,0.05362581211245722,0.0,0.5983817285961575,0.007263682063462006,0.25167586841588124,1.4271192683113947,0.11039748407072492,8.534837734079492,0.6958326889408959,0.0923748114456733,76.66632107679091,0.6844696342945099,0.07747723545051283,36.33906690775408,0.7977152619096968,0.04640093841072586,9.766354386213552,0.7233044895860884,0.06161214241551028,1.0069656764749544,0.8655479947725931,0.06585345452444422,1.4681593967561084,0.9071290585729811,0.03832354237222009,41.01665310329861,0.6032851199309032,0.00753357634983129,8.785059537577238,0.712415775987837,0.04986438768812352,0.0,0.611922687292099,0.006624506548460987,5.467294761650292,0.7346991446283129,0.05820021116071277,0.0,0.6066179904672835,0.006340302314816249,6.858978672867099,0.7938987195491791,0.07285684282994932,0.1682439209276044,1.5332060615221659,0.07593689465688334,0.0,0.5668966333071391,0.007426291854224271,0.4081310518226177,1.0830098748207093,0.06111512507001559,11.261394565229116,0.7049904161029392,0.04767826354751984,0.17989434242374155,1.1515893128183152,0.04138043951243162,0.0,0.5679261558585696,0.00923769703755776,0.0,0.5948748939567142,0.008024571442769633,2.218117138682347,0.7855126871003045,0.038657064125355745,0.0,0.5498207026057773,0.006892715911898348,0.1954660319732645,1.3364476389355129,0.05626088811291589,5.436868510452117,0.7809396273559994,0.05493493969034818,0.0,0.5595781160725488,0.006352963676262233,6.786099490469742,0.6809140000078413,0.07079451825055812,16.588300309588533,0.6131745550367568,0.08555295014133056,2.512629303474639,0.8440072059631347,0.05067173747552766,0.34007408022880553,0.39517214332887896,0.0,0.22806279679336233,0.7547970638791498,0.0,0.8885555475935514,0.2783485290166776,0.18763373946563752,0.5730504434124523,0.30871655614012294,0.7274632803517865,0.5850085053238228,0.0,0.36632453576316887,0.0,0.5668875460714569,0.0,0.45408666086950084,0.910249097371399,0.0,0.7555976885763128,0.4330251380901631,0.9347581834395763,0.0,0.0,0.6868272447677405,0.0,0.9314963804747846,0.6688488323362349,0.0,0.47726752817830087,0.2527347698114243,0.6757685187975
4,0.38579309665494493,0.0,0.5402256455686357,0.0034201409202069045,11.049722197706036,0.8091962933540344,0.0493561004081534,0.630283666954271,0.8410290155145858,0.0354897724568016,0.0,0.6033208780818515,0.0040444130750579965,0.16845780675963506,1.542440844906701,0.0726907859245936,7.949159732085587,0.7536869545777639,0.066066729505029,59.45604193975619,0.7155454072687361,0.05474889202871257,34.70145294838646,0.8327816791004605,0.036617918560902275,4.822613068119496,0.7833506392108069,0.04078301458309094,0.6221904957421752,0.9390503459506565,0.043456974956724376,1.1575124074776746,0.9730526824792226,0.0258229772405078,41.209874131944446,0.6063253521919251,0.004231971437628899,3.512456095289647,0.7572483208444384,0.02813131751285659,0.0,0.6141993972990248,0.0036371005052286717,3.159514544942561,0.7876566992865668,0.04478964054336151,0.0,0.611181519428889,0.0034986671086193787,5.858757637894988,0.8334813641177283,0.0593213183287945,0.11347075348691327,1.628669473859999,0.048177015553745955,0.0,0.5716066698233286,0.004075068848518034,0.2554463796763199,1.159101668993632,0.03521610169361035,7.0602758639478616,0.7298218369483948,0.03237327471789386,0.1416563419503267,1.2271228671073913,0.03001421978697181,0.0,0.5728182203239864,0.004818111802968714,0.0,0.5981515904267629,0.004222142616183393,1.651492042108352,0.8241324848598904,0.03262302563008335,0.0,0.5550182667043474,0.003826058824132714,0.15040378884722144,1.421689020262824,0.04047528724703524,2.8230684011691825,0.8176631139384376,0.027074720420771175,0.0,0.5629506700568729,0.0035746209607977007,5.084348782198381,0.7105017893844181,0.059281615954306394,14.507395972449821,0.6550826556152768,0.08977083882523908,1.881164564325695,0.9064192838139005,0.0409407407976687,0.3815292865037918,0.40275550257010906,0.0,0.3758319298913864,0.771102669316713,0.0,0.8314719592890956,0.2902052102661271,0.20767703497958417,0.5831553323725871,0.3604905042883765,0.7487135832914767,0.5925169426251738,0.0,0.3715920581214301,0.0,0.5830677256316668,0.0,0.6086162440209085,0.8920487805892142,0.0,0.7050598102678302,0.4717012717236626,0.9325954329105487,0.0,0.0,0.7448378521335918,0.0,0.8848755562045397,0.7231583991371892,0.0,0.39444534185928937,0.1516513901987841,0.6633610531243144
5,0.31105602019362977,0.0,0.5428585290908814,0.002263342251535505,7.42129932310931,0.8252186285124885,0.0360084110353556,0.45022501201311105,0.8830116682582432,0.02547732220652203,0.0,0.6063033567534553,0.0027251664717267785,0.14347770696176554,1.6193833629290262,0.05789485849026177,2.8704405678814844,0.8003510746690962,0.04322886403857006,48.124333921397074,0.7352255377504561,0.03958909047974481,36.10982883093545,0.8591662334071265,0.02615643907338381,3.5345750758450234,0.8184016346931458,0.03507174229663279,0.5209332581449243,0.9840354998906453,0.034427590088711844,0.9849560349309717,1.0159377449088627,0.02165053746042152,38.82679850260417,0.6082929909229279,0.002913397452276614,2.5576032293549935,0.7847370915942722,0.021108942442677088,0.0,0.6156422826978896,0.0024483811627659534,3.0425179412969436,0.8184077315860324,0.043143179567737715,0.0,0.613916896449195,0.002360183775373217,4.14773121013239,0.86039962304963,0.0492277919418282,0.09137401350090069,1.6933361543549432,0.03820375178216232,0.0,0.5745040906800164,0.0027126838414308924,0.19854258040982234,1.2108841021855672,0.027485858193702167,6.1666098439391765,0.7465763356950548,0.02860693787741992,0.12135489460908978,1.2768872327274747,0.027973475358966323,0.0,0.5759137690067291,0.0030826691162979436,0.0,0.6002641830179426,0.002754151136873083,1.1502623119684543,0.8489326165782081,0.022212762996140452,0.0,0.5581922954983182,0.0025778855921493636,0.13013000875188968,1.4771971278720433,0.034792019354386465,2.304771250505611,0.8422177745236291,0.02104454671757089,0.0,0.5650529781977336,0.002436700130864564,4.303220542615518,0.7288767808013492,0.05536513802491956,13.51167161560422,0.6952005373107062,0.0786782446420855,1.6648164896486153,0.9483761403295728,0.038651922283073264,0.22396205812692643,0.42753459556134166,0.0,0.18445682734290275,0.8098388758120751,0.0,0.9195764439487724,0.3384095872522603,0.18731163505853637,0.6083478704854283,0.4446597242178821,0.8441154812555789,0.5969236403163225,0.0,0.3551787783218889,0.0,0.602102474401241,0.0,0.6457303781538999,0.9236276911964829,0.0,0.8068877206048761,0.4695731847525037,0.9350718425194133,0.0,0.0,0.7637176118606316,0.0,0.9287069024463401,0.7957475297129731,0.0,0.5342972478949275,0.2567752858620499,0.7300503245459461
6,0.26867501106527114,0.0,0.5447286162111494,0.0016134328790940345,5.904088161422398,0.837565975719028,0.031738849956956174,0.36391756000486136,0.9138302187124888,0.019315854413434863,0.0,0.6083993302451239,0.001954395728858395,0.12060602257405645,1.6730455054177178,0.04970730009178321,2.1394435480829923,0.8323684500323402,0.03472388701306449,15.774866842656971,0.749203128947152,0.03297287352486617,26.008340057243114,0.877555454439587,0.023647785424772236,2.7550488185464137,0.842280426952574,0.029044532134301134,0.44906416276250327,1.015623410542806,0.029500788098408115,0.8753395625008842,1.0463844219843546,0.021980821025661297,42.48613552517361,0.609683761994044,0.002193546601726363,2.2770285034977147,0.8045781056086222,0.01953451751938297,0.0,0.6166737841235267,0.0018005236556443076,2.3002729512422566,0.8430140687359704,0.0379861811382903,0.0,0.6158350778950585,0.0017223441688757803,3.093095575204513,0.8825358761681451,0.03634798273237215,0.08287035869178487,1.7409467114342583,0.03461792023024625,0.0,0.5765612463156382,0.0019761383248906995,0.17010024301829635,1.2487019777297974,0.02339494333912929,4.71701404816395,0.7589544905556573,0.024624311189270682,0.1078352199030165,1.3127730157640245,0.024853897555213837,0.0,0.5781304187244839,0.0022497035575927134,0.0,0.6017971595128377,0.0019469446347405513,1.0771582768106387,0.8665437042713166,0.023086108738142583,0.0,0.5604641252093845,0.0018815959545059337,0.12048884762949807,1.5184274435043335,0.03358042234968808,1.8202163786535754,0.8626608086956872,0.017915344584940207,0.0,0.5665407187408871,0.0018011872035761675,3.7121729972971353,0.7474546988805135,0.049110926403146654,11.436670534206296,0.7213285638226403,0.08164749120672544,1.4140414582244176,0.9781610329945882,0.031088760567622054,0.206591634452343,0.4425819245648204,0.0,0.31274352080126755,0.841059987929442,0.0,0.9325334039994095,0.3859864521873765,0.13449441745104584,0.6507116375164086,0.5229913141066753,0.8378421403268167,0.6224930747814184,0.0,0.39703698084642436,0.0,0.6172040380508709,0.0,0.6739730406537632,0.9183343223437616,0.0,0.7988445801478938,0.5339214335796443,0.9338007655603018,0.0,0.0,0.7947611366981778,0.0,0.9414497573938562,0.7490980210380316,0.0,0.5608181753436381,0.25398177104946235,0.7485416142685634
7,0.25548896822664474,0.0,0.5461446053451962,0.0013053831023474534,5.4126025587548305,0.8471945689784156,0.03274617814976308,0.40603067486144284,0.9382656931877136,0.024778938029582302,0.0,0.6099859058856965,0.001609690235151599,0.11624315259910913,1.713138046529558,0.050934684597369696,2.4439578575028995,0.8588555985026889,0.03670628188281423,17.18570402685401,0.7577440996964773,0.030168156279250978,30.781624819506195,0.8916954775651296,0.022088068723678588,2.4214792491359574,0.8595163451300727,0.024870700089053975,0.41527763511779686,1.0407271213001674,0.025619087854607238,0.8494232557250213,1.0685896330409579,0.020103975468211705,42.1011474609375,0.6107326447963715,0.0018189020493688682,1.8230379152642926,0.8200306024816301,0.014981342567544844,0.0,0.6174623635080125,0.001430635877315783,2.1024974167265427,0.8604587356249491,0.035771148320701385,0.0,0.6172828164365557,0.0013959927587873407,3.4959667662645124,0.8977150075965458,0.0432577278620253,0.07828879501390103,1.7781742771466573,0.03240700986029373,0.0,0.5781316227383084,0.0015986801758925949,0.1614596426972196,1.278243347009023,0.021671267288426558,4.263855288769627,0.7695935229460399,0.02120400068557097,0.10037254712760982,1.3411444809701707,0.025338711341222127,0.0,0.5797969513469272,0.0018352564450146423,0.0,0.6029940148194631,0.001564426114782691,0.8831252184829296,0.879648404651218,0.019502504128548835,0.0,0.5621938241852654,0.0015263912707774176,0.1104303983598861,1.550266326798333,0.032706642813152734,1.5734274128384174,0.877653384870953,0.017414448203312026,0.0,0.567686429950926,0.0014627368409290081,3.3624224151757724,0.7611689892080095,0.04443818971307741,11.221829735311138,0.7419824441274007,0.0734167225451933,1.3440936454497685,1.0015029960208468,0.02671199042039613,0.2755482316017151,0.435979046612896,0.0,0.3841110304454062,0.8095612473291341,0.0,0.9229482263568947,0.3237712897549826,0.12953497300138841,0.7026987367251026,0.5161492385977977,0.8525851483435446,0.5916756467633929,0.0,0.3752241381761824,0.0,0.6301930126998503,0.0,0.6326800524757046,0.8595992283789489,0.0,0.6991140889403388,0.49965827113219674,0.9287521354174727,0.0,0.0,0.7831993763589049,0.0,0.9315464546063822,0.7971934576974016,0.0,0.5185484535957517,0.3036567348947451,0.7589285499211473
8,0.22846477992004818,0.0,0.5473030222786798,0.001055868365155119,4.321157077745195,0.8554876334137387,0.023092559844048486,0.3073486081130839,0.9572511355082194,0.016645762163938746,0.0,0.6112856288750966,0.0012872123340558674,0.09940347671237205,1.7461786296632555,0.04184446080277363,1.3347897866190848,0.8808851222197215,0.025993432316722142,23.688699252440998,0.7637262993388706,0.032896766524451476,33.11032336161136,0.904305319653617,0.0206389560803978,2.255762078606606,0.8745781203111013,0.02541110078907675,0.3863327365372489,1.0607005622651842,0.02250928526951207,0.7771574844519927,1.0870780772633022,0.018927198472536273,42.9902099609375,0.6115835116969215,0.0015014642720214194,1.8703130298947863,0.8333443469471402,0.014244894142676559,0.0,0.618115179406272,0.0011756874659719567,1.986569823048641,0.8736663699150086,0.03395086925269829,0.0,0.6184742364618513,0.0011185110507843396,2.5862959099713874,0.9129184120231204,0.039241117973708446,0.07413752062977196,1.8079544451501635,0.03220483370953136,0.0,0.5794263190693325,0.0012923796408964943,0.14713116730669465,1.3028077483177185,0.019329241135468085,4.231025366165079,0.7785998245080312,0.02260518902654035,0.09465508773317417,1.3634512768851386,0.022058887474445833,0.0,0.5811676409509446,0.001470629574679252,0.0,0.6039927310413784,0.0012362983556360833,0.8435718788446422,0.8908280895815955,0.018667230454997883,0.0,0.563617914252811,0.0012530090985819697,0.10440333841130439,1.5760082642237345,0.030979738094740444,1.6034172607507495,0.8894903487629361,0.014304293899072541,0.0,0.5686343802346123,0.0012062562086308996,3.03053598905206,0.772517802980211,0.04034927232811848,9.870146725299348,0.7611694342560238,0.0691679750258724,1.2039883441353378,1.0191651834381952,0.02548739802506235,0.1967412695288658,0.45250535383779267,0.0,0.39935395073771035,0.8425953323775403,0.0,0.9296984547342001,0.3526255372464455,0.24446819205645104,0.7015664866793021,0.4894701491048835,0.8391541989698572,0.6388013663858735,0.0,0.3737078427469142,0.0,0.6307625044592081,0.0,0.723811308695324,0.9159312134548572,0.0,0.7873527967288453,0.5122636377168781,0.940330579111032,0.0,0.0,0.7549122067330167,0.0,0.937312798743229,0.8247325012953954,0.0,0.5463738353190372,0.33699286834620434,0.7579535611671588
9,0.22356752670473523,0.0,0.5482266949282752,0.0008840569676572664,4.739872998204245,0.8614746418264178,0.02623387960354901,0.2777798006481155,0.9750190767976973,0.013319714444999893,0.0,0.6123273584577772,0.0010664397268556058,0.09576649542755619,1.7717730760574342,0.04257832592767146,3.4217151605494958,0.8974597851435343,0.027603286468527385,18.52032209283679,0.7701243493292067,0.02066689934581518,20.457927018789498,0.9148015962706672,0.020777319263045987,2.100365362018157,0.887062031030655,0.025813984751908315,0.38668038301521934,1.079615232679579,0.023582120394955077,0.759246755523069,1.1026289330588446,0.018285662054808603,48.721028645833336,0.6122278471787771,0.0013176987329239233,1.8598816195300323,0.8429603225655026,0.01552916896632976,0.0,0.6186134748988681,0.0009963895433530625,2.2118624575853354,0.8875423385037317,0.036016756963605685,0.0,0.6194253034061856,0.0009527977206744253,2.114134653110429,0.9251172992918226,0.026813520201378397,0.08039623165966578,1.833892011642456,0.03682563254195783,0.0,0.5804598920875126,0.0010883519147884928,0.16850379556076653,1.3226635694503783,0.025101064880275064,3.518662155228837,0.7857608675956727,0.0178835351485759,0.08742228025927606,1.383979814582401,0.021407994472732148,0.0,0.5822658644782173,0.0012478938086941424,0.0,0.6047762076059977,0.0010146814417870095,0.7657409074678388,0.901785945892334,0.01579805988456226,0.0,0.5647522939576043,0.0010608288013221076,0.1011296899274209,1.5980592158105638,0.02924571226661404,1.4988888301384427,0.9009088469876183,0.019639523565355275,0.0,0.5693755441241795,0.0010349485143605205,2.605351839973007,0.7834631131754981,0.035774439656072195,9.684870429326178,0.7758084528976017,0.07139053059120973,1.2682737357463434,1.0358932375907899,0.029233096141575113,0.2177635595202446,0.4461991544097342,0.0,0.42168455529157284,0.780205354301482,0.0,0.9380260718107636,0.41039595661173456,0.17798300723288146,0.7320584824616587,0.5439774559259366,0.8324441368362621,0.6173382008836763,0.0,0.39522143434645624,0.0,0.6002883810058057,0.0,0.6554809663615113,0.8978069070044384,0.0,0.7347979686775671,0.47984950778665947,0.9352781037449474,0.0,0.0,0.7566133637328086,0.0,0.935647883993207,0.8041467271327892,0.0,0.5073696403429924,0.36696439807302167,0.7547944375533178
10,0.19963332017262778,0.0,0.548983077208201,0.0007315647995306386,4.154907168452591,0.8655184355047014,0.027693404332320724,0.2533775015003958,0.9899038162496355,0.011121091161233684,0.0,0.6131831685702006,0.0008781075859183653,0.0879561042116212,1.7951550324757894,0.038582994954453574,1.069119723844945,0.9143022901482052,0.019044453842151497,7.614906417555756,0.7754761358102162,0.015989819549334545,30.63051456775137,0.9241972929901547,0.018479641684744922,1.8481160118573052,0.8974840144316355,0.020617942786258128,0.3324569975899554,1.0942715737554762,0.018069911789562968,0.7260389835933299,1.1160900420612758,0.01712270665189458,44.23777940538194,0.6127572317918142,0.0011137094290461392,1.3127148932162083,0.8519253975815243,0.010979542596679595,0.0,0.6190267258220249,0.0008437453568654341,1.691690711470336,0.8977245635456509,0.028387384784097473,0.0,0.6202076640393999,0.0007902361885903196,1.655398129233068,0.9360155522823334,0.022107943419056635,0.06683865100201516,1.8555826478534274,0.028299610554758044,0.0,0.5813119861814711,0.0009072514082719054,0.13022405471614143,1.3410459876060485,0.01868336292811566,3.7104452267818653,0.7927761667304569,0.020714011490862404,0.08701954475027404,1.4004791617393493,0.021102270271836056,0.0,0.5831697278552586,0.0010420093675040537,0.0,0.6054284864001804,0.0008449142533613162,0.7913055431460487,0.9097251507971021,0.018328260739023487,0.0,0.565698606438107,0.0008775984370408373,0.09682841383813283,1.6173972871568467,0.02851296555664804,1.241751723280473,0.9100628230306838,0.011429156854541765,0.0,0.5699929985735152,0.0008659049383519838,2.5002623777589736,0.7927669174141354,0.032374319227205385,9.629784793323322,0.789523125357098,0.062047088022033375,1.1059437890283352,1.0483360833591886,0.022041074998883737,0.16453327909111976,0.4634257268337996,0.0,0.35647447438333046,0.84593482883696,0.0,0.9389523161140343,0.4290984937139499,0.24587155157460208,0.7376362421678767,0.566241224351485,0.8347905029093077,0.6519430759493878,0.0,0.42032790440328105,0.0,0.6438057370344534,0.0,0.736067072063496,0.9403220627345481,0.0,0.8528618892092981,0.5312355252548288,0.9398540731880806,0.0,0.0,0.7959794332792887,0.0,0.9347686751115857,0.8284955489391557,0.0,0.500445981148071,0.334857860337337,0.7636587859772332
11,0.18282991175850233,0.0,0.5495826522509257,0.000622822725886686,3.5237828971554768,0.8710148884190454,0.02080187798322489,0.22643107149497904,1.0037050631311204,0.01078371260729101,0.0,0.6138677246040768,0.0007574453257903871,0.07972687791082009,1.8161907845073275,0.034728991323047215,0.6865330282609666,0.9314108484321171,0.015926488468216524,6.220524192628371,0.7798699511422051,0.011794940071801345,20.72060963187227,0.9324821339713203,0.015938728507090775,1.56522916498805,0.9066077133019765,0.01926757244186269,0.3078440436618603,1.1082868854204813,0.016299888072535396,0.6893294848872309,1.1268465412987603,0.01803781470646047,43.93950466579861,0.6131754020849863,0.0009865164291113615,1.1243495297652544,0.8611504786544376,0.009184825541968976,0.0,0.6193368918365902,0.0007250159933593953,1.4438920173498813,0.9074379967318641,0.02443164503719244,0.0,0.6208339393138885,0.0006828801415394992,1.17364216605525,0.9451927476459079,0.01496414893772453,0.0645060850978431,1.8750718553860983,0.028793921963208253,0.0,0.581997146209081,0.0007793304406934315,0.12253372779171266,1.356805639796787,0.0174654774264329,3.358488944624509,0.7983700275421143,0.016630031908344892,0.08299865998166879,1.4150472746955023,0.020313934738644294,0.0,0.5839016934235891,0.0008785734224754075,0.0,0.605941100915273,0.0007105291138739428,0.7119591606853545,0.9159114539623261,0.01482601249590516,0.0,0.5664626856644949,0.0007553830943329053,0.08999058741756535,1.634170393149058,0.027311619205607308,0.9573010748062865,0.9188369439707862,0.011352961968320112,0.0,0.5704855528142717,0.0007492196481002287,1.7560752000733761,0.7996342625882891,0.02648741199583229,8.46832851825905,0.8007757637235854,0.057214695484273964,0.9715889661484801,1.0599369764328004,0.01988931537295381,0.16352442055940627,0.46688779636443944,0.0,0.4671502935005103,0.8813028594279798,0.0,0.9304384339912041,0.4088271719872683,0.22444932146771004,0.6789107399675633,0.5831610993383376,0.8539568713228011,0.6449364941217749,0.0,0.4319505815668364,0.0,0.6751805894803845,0.0,0.7634435621154336,0.9373536993991145,0.0,0.8464314727700174,0.5220349411372787,0.9408362338677071,0.0,0.0,0.8060135502867041,0.0,0.9350015649224664,0.8067156758860708,0.0,0.49874811623568005,0.32319844437651946,0.7803677664926998
12,0.1739904465774695,0.0,0.5501066075430976,0.0005589656402460402,3.500694094792459,0.8751848578453064,0.02105481388668219,0.220418559263846,1.0154957320955065,0.010567315057333973,0.0,0.6144683453771803,0.000667982360917247,0.07648861395423388,1.833588390880161,0.03481262568384409,0.8045609756175793,0.9440619283252292,0.0155137692241826,4.430214596370129,0.784346134795083,0.009347293621653483,9.81834385866779,0.9404198096858131,0.016887617235382398,1.487663740057477,0.9158280922306908,0.018736509238887165,0.284984563868976,1.1209420773718093,0.015722545857230822,0.6578708398524417,1.1369145525826347,0.01788189033460286,40.62328287760417,0.6135309358437856,0.0008922094129957259,1.2368170498070092,0.8672617289755079,0.01067755709712704,0.0,0.619593491156896,0.0006484888287054168,1.4121092351304825,0.9169054600927565,0.02584271940092246,0.0,0.6213839981291029,0.0006060697778593749,1.0812783138985966,0.9539848354127672,0.01388767258160644,0.06230340647557369,1.8928937911987305,0.02684481538211306,0.0,0.5826011346446143,0.000692520423197291,0.11792225255946011,1.3706670774353875,0.015968513048978315,3.331912102305872,0.8035106122493744,0.014392744180642895,0.08143982890233852,1.4287743515438505,0.020630399893141454,0.0,0.5845485375987158,0.0007660084572206769,0.0,0.60638793375757,0.0006270810460490692,0.6586658112371082,0.923601633310318,0.012605810708676776,0.0,0.5671389897664388,0.0006742729850682534,0.08713727283848252,1.6497680399152967,0.026889450537661713,0.8610687845700227,0.9265041602982416,0.010444041478654577,0.0,0.570916457970937,0.0006705347073471381,1.5839077733692775,0.8077614559067621,0.027973388311349684,7.732008897817402,0.8124632285700903,0.05879073893237445,0.9566073009882671,1.070736989710066,0.021608499722141357,0.19904932752251625,0.4664171441473123,0.0,0.37383271309037924,0.8792187157728742,0.0,0.9415551471203628,0.42639267067067604,0.1910516307427568,0.6880832257629661,0.5855556848282127,0.8692309339902838,0.6398161963206441,0.0,0.42697384932035687,0.0,0.6778850827286591,0.0,0.7548639698485586,0.9003377794917805,0.0,0.7678973836784786,0.5317345925515128,0.9395498599010249,0.0,0.0,0.8016156832243535,0.0,0.9401412461998527,0.8295084473645881,0.0,0.6105830556596512,0.3646634673950421,0.7848572770509789
13,0.17040637681881587,0.0,0.5505312893125746,0.0004968029307848257,3.0060283384033197,0.878826626141866,0.017182495271683567,0.21059253157859364,1.025559009446038,0.010394465152381195,0.0,0.6149636281861199,0.0005983937117788527,0.07111198141587455,1.8509244945314196,0.029895828985091712,0.6410462200814655,0.9555581960413191,0.01440526760286755,10.153601098678811,0.787504067685869,0.015672723608764094,8.907149236814861,0.9465424617131551,0.01682194533964826,1.5330525656450997,0.9233559886614482,0.021951739966041512,0.28356715235543695,1.1319753183258905,0.015435976162552833,0.6369050681589097,1.1454624149534438,0.016851358508898153,38.05240614149306,0.6138071212503645,0.0007954286372599503,1.2965339950455834,0.8739459137121837,0.010718352740837468,0.0,0.6197960118452708,0.0005787238433387959,1.3491249039885946,0.9246037681897481,0.02523520948468811,0.0,0.6218329615063137,0.0005382897762400615,2.1327988002845433,0.962262487411499,0.024155384454772704,0.06192580800723516,1.9082522326045566,0.02707994890709718,0.0,0.5830963273843129,0.0006209929661256158,0.11859889211901174,1.383354255888197,0.01674580594731702,3.028482382494248,0.807746618323856,0.016139762351910274,0.07663701977166054,1.4404252118534513,0.019779317919164895,0.0,0.5850824660725064,0.000700385853027304,0.0,0.6067489478323195,0.000565077595011745,0.6150244918642052,0.9296257158120473,0.013661822079059978,0.0,0.5677005814181434,0.0006021177512593567,0.08304342850219153,1.6634366631507873,0.02637482813766433,1.98831251367202,0.9322779456774394,0.01239346031151298,0.0,0.5712701936562856,0.000601599736384944,1.5353836249888502,0.814196523030599,0.025008756597526372,7.584494671667025,0.8212506380346086,0.05647404156625271,0.9236459366634929,1.079765832424164,0.01987201225064281,0.15319329351186753,0.46559436394509557,0.0,0.41945859351609077,0.8837464284699541,0.0,0.9417100113953161,0.41752797509873607,0.1903010787986807,0.7089698801272919,0.5388578454871189,0.842760096097827,0.658393738099145,0.0,0.4225443747592655,0.0,0.6661885288293211,0.0,0.7340801266686058,0.9516122030661409,0.0,0.8836341709658655,0.5352480051372581,0.9398697022116169,0.0,0.0,0.791406549286136,0.0,0.9384806911877097,0.8253020311315499,0.0,0.46124360094983186,0.35560449646634,0.7920795184932602
14,0.16352944589323468,0.0,0.5509210262033675,0.00044608032072169916,2.9779028857083936,0.8823560727967157,0.01624484452056802,0.20659544293181875,1.0351263218455844,0.00956875880041884,0.0,0.615412214729521,0.000539057886473731,0.06969040679199884,1.8654093318515355,0.029254092627929315,1.310474584478165,0.9655219773451488,0.01651836571076678,6.725520831460598,0.7911309030320909,0.012581825333957871,8.309966587420911,0.9512753976715935,0.016823298683286542,1.3675804649820642,0.9302872200806935,0.01769847794332438,0.2715019646227876,1.1417032135857477,0.015604261158862048,0.6409823341307211,1.1536455419328477,0.01735193456730081,35.88603515625,0.6140853842099507,0.0007117679090394328,0.983530138539135,0.879433638519711,0.010543270063741754,0.0,0.6199752608935039,0.0005132435355335474,1.2434557632588779,0.9332806408405304,0.02011062293830845,0.0,0.622237229347229,0.00048177910308974485,1.1768839902674149,0.9697685572836134,0.016922041261568665,0.05953858510604308,1.9229872332678901,0.02718441128316853,0.0,0.5835474146736993,0.0005569639987596828,0.11107655020514184,1.3948830101225111,0.016218656829247873,3.048311177446791,0.8118476152420044,0.01492791473865509,0.07798407174606403,1.4512738466262818,0.020823989632642932,0.0,0.5855715228451623,0.0006257402717084106,0.0,0.6070752441883087,0.0005050142460580294,0.6077645699164547,0.9364174981911977,0.013107923035406404,0.0,0.5682119866212209,0.0005380163418724098,0.0798996333759709,1.676399556795756,0.02618651378692852,0.9173410483035127,0.9385351326730517,0.010694334883656767,0.0,0.5715894632869296,0.0005368476840279375,1.5131546968301839,0.819388539923562,0.02062889337539673,7.124083714841877,0.8289589186509451,0.05244467933144834,0.8826781523745498,1.0888473126623366,0.018055541032097406,0.35856897607445715,0.4547388471515121,0.0,0.49198311715619497,0.880525183296262,0.0,0.9456570680363582,0.39252848016625563,0.20335007573118458,0.6873455996181891,0.5934605274470408,0.8571595532706654,0.5946052114493169,0.0,0.40093881134359066,0.0,0.6653275313621794,0.0,0.7480777732014021,0.7878645216648243,0.0,0.6502650044260261,0.51220670687732,0.9364838247422036,0.0,0.0,0.7846783090951668,0.0,0.9389969793940877,0.8590281609841639,0.0,0.5077866296970347,0.32840352237668335,0.7849705175122372
15,0.15447186380624772,0.0,0.5512522644466824,0.0004110758412732846,2.9747953205163014,0.8862048069636027,0.015952111300753635,0.19675141887667727,1.0439499113294812,0.009173707048305207,0.0,0.6157990687423283,0.0004899911281730358,0.06367358773177502,1.8789854844411213,0.028833269545187553,0.6944536551595756,0.9751721256309085,0.012441253118837873,5.235293155560658,0.7940515299638112,0.010071171099682235,4.751958282476944,0.9575403094291687,0.011551678846848922,1.3655654839348446,0.935619635714425,0.018926893448871045,0.25681345887291374,1.1511570228470696,0.012670829361822043,0.6158978247068675,1.1602913313441807,0.016556196199316118,34.87779405381944,0.6143209477265675,0.0006561878632055596,0.8525807819107367,0.8847935299078623,0.008392062718566093,0.0,0.6201225896676381,0.00047748885440847114,1.141920169465345,0.9404003454579247,0.021548426785092386,0.0,0.622584519121382,0.00044066847897031243,1.0846026714831503,0.9759814335240258,0.01641243071967943,0.058315563882032025,1.9360009299384222,0.026317341641212504,0.0,0.5839348885748121,0.0005130996183854424,0.1097610547464551,1.4048951228459676,0.01569640463632014,3.0012288215576715,0.8161868731180827,0.016464541843419687,0.07502281117915259,1.4611631724569532,0.019773303406933944,0.0,0.585994373427497,0.0005705719221926604,0.0,0.6073516984780629,0.00045932983500986466,0.6111718554701088,0.9409561210208469,0.014026172772153385,0.0,0.5686574392848545,0.0004948450931503127,0.07733445157886504,1.688021977742513,0.024405616190698413,0.7869872066667428,0.9441363447242312,0.00919440392560015,0.0,0.5718635194831424,0.0005032773362472654,1.4507633161145985,0.8268619471126133,0.01990201386053943,6.65959070971071,0.8350991871621873,0.05191344992361135,0.835052058146756,1.0967955867449442,0.01858507591403193,0.1842884488403797,0.4529462097125216,0.0,0.19934175276736862,0.8677012996767319,0.0,0.9313937203099784,0.41719005838407186,0.23250633456725495,0.7235549189315387,0.5649001573334138,0.8423088934101669,0.659300522034074,0.0,0.4061967650229179,0.0,0.6454955566192908,0.0,0.7321648080635964,0.9292837198403845,0.0,0.8202246175137612,0.5064833383504082,0.9369022746972933,0.0,0.0,0.8045269740647424,0.0,0.9283743787635117,0.8435125032543571,0.0,0.4650588526988807,0.25536434096604704,0.7824929235309016
16,0.14828191043602096,0.0,0.5515368713272942,0.00037092538485820924,2.6795957243649826,0.8883257018195259,0.018055166738728683,0.19261284202056786,1.0519195503658718,0.008662186485404769,0.0,0.6161331408553653,0.0004413750792284393,0.06063359259507871,1.8914304892222087,0.025653057183242508,0.5518513790904036,0.9835851470629374,0.0114976395930474,2.8206304415986554,0.7971496548917558,0.006790582818858739,2.8438641229773496,0.9630163225862715,0.009325248688562876,1.2729458822873712,0.9426931944158342,0.016572173009626566,0.23938515087682197,1.1601474430825975,0.011712262184462613,0.5950934136497921,1.1672380725542704,0.014590449090529646,38.3275390625,0.6145116455025144,0.0006295374009318443,0.8518523889233535,0.8896020187271966,0.00747570367788689,0.0,0.620235820611318,0.00043145002984804,1.115176057594554,0.9469991253481971,0.02029408213889433,0.0,0.6228834403885736,0.00039616896538063884,0.9444127361067483,0.9824137078391181,0.013426694995723664,0.05724443430927365,1.9485326541794672,0.024335042382073072,0.0,0.5842687772379981,0.0004629026445197976,0.10689393707373104,1.414573335647583,0.0158541397864206,3.129831577500557,0.8197526547643873,0.014321451472480679,0.07503698620182184,1.4703897529178196,0.020783159951679408,0.0,0.5863634877734714,0.0005111856534818394,0.0,0.6075823883215586,0.00041687208932772695,0.5572366453102308,0.9460589402251773,0.01205635531934806,0.0,0.5690458761321173,0.0004489445961856594,0.07577773689632673,1.698923679192861,0.023700326536264686,0.9135349157964215,0.9498281763659583,0.01065215995380034,0.0,0.5720974697007073,0.0004555662020316554,1.1943591693024,0.830957876973682,0.01842626971580709,6.543289535553263,0.8441671106550429,0.051196888803193966,0.7958508388325636,1.1049148228433396,0.017494271726657948,0.16745528653264047,0.47487935603741294,0.0,0.44980372503230903,0.8842424054709129,0.0,0.9464042613139121,0.4014348557567944,0.22365843535350738,0.7328888253320317,0.5901941041315216,0.8604829371950615,0.6573182491204024,0.0,0.4287714082437929,0.0,0.6948477868028479,0.0,0.7665459849156951,0.9299403254814935,0.0,0.8251058665548481,0.5148594770876079,0.9368415315731701,0.0,0.0,0.7992835349580865,0.0,0.9393174603987434,0.8630430049590998,0.0,0.5756375619230497,0.3822726652755449,0.7932449863167814
17,0.13199596222903992,0.0,0.5516775482230716,0.00032625750075870505,2.221206397573837,0.8907110704316034,0.010849569348566648,0.17087310631586045,1.0564364578988816,0.006767271415123509,0.0,0.6163008736239539,0.0003864748257910833,0.04988077676816697,1.8991692066192627,0.020505393632791108,0.30690706653831723,0.9895173615879482,0.010162049431043367,2.8649700712976753,0.7982817954487271,0.005298437850756778,2.9618043823435434,0.9656222614977095,0.0074721804095639124,1.173900824095561,0.9455418897999658,0.013084289400527875,0.20907329430379282,1.1643473863601685,0.00995313346437696,0.5375036815700258,1.171123707294464,0.011816081929848427,35.49675564236111,0.6145934210883246,0.000560996688889443,0.5542025072840431,0.8925650258858998,0.005111009987174637,0.0,0.6202878766589695,0.000383902556495741,0.9388144192296378,0.9502431750297546,0.01262363370300995,0.0,0.6230314804448022,0.0003473305001130535,0.8735719926793715,0.9864456123775907,0.010665670381341544,0.0516398909495895,1.9551465829213461,0.02090083854790363,0.0,0.5844365954399109,0.00041282409543378485,0.092773534070444,1.4197202563285827,0.013276130240410567,2.0318910027230204,0.822193710009257,0.01393181467299453,0.06775697528556994,1.4749752945370145,0.01796003868544681,0.0,0.5865496357282003,0.0004541181286589967,0.0,0.6076958345042335,0.0003666237096897223,0.5125952719444001,0.9486481004291111,0.01105903482918317,0.0,0.5692425012588501,0.0003963881738147595,0.06826567921885537,1.7049737758106656,0.020836761076417236,0.6896557144336392,0.951871438158883,0.008030287446712869,0.0,0.5722127662764656,0.00040140155728699434,1.0849897999927096,0.832197450266944,0.016438786799295082,5.363274767078535,0.8476763036515977,0.04093116700856222,0.6714971705361322,1.1086997389793396,0.014826833363622427,0.13870482593774797,0.4816542187906886,0.0,0.4540355809363986,0.8788277095384516,0.0,0.9505542935505161,0.4267382425916842,0.21323084583230506,0.7525138300408896,0.5924515415773962,0.8672792022773608,0.6673398901727188,0.0,0.428280407326511,0.0,0.686798717583606,0.0,0.7484734932115916,0.9514361430650278,0.0,0.8891324564154738,0.5334333592669187,0.9407726058088812,0.0,0.0,0.8171628974529803,0.0,0.942249868268199,0.8398727628551566,0.0,0.6193130618529864,0.4121112605057606,0.8009268311712203
18,0.1261085655954149,0.0,0.5516984926329719,0.0003240657197440871,2.112798210853284,0.8910219550132752,0.009432392004722108,0.1642240445919481,1.0571346415413752,0.006474449814090298,0.0,0.6163258506192102,0.00038893490919791575,0.04860854095295398,1.9002906839052836,0.018388578419884047,0.4065485819701614,0.9902139372295804,0.00929699776073297,2.4684215626839143,0.7985310898886786,0.004985592175378568,2.965837486175331,0.9663586344983842,0.0067132234043027796,0.9887044703555717,0.9463018755118052,0.01118147494012697,0.20132994410559593,1.1652321563826666,0.009252952354856663,0.5450238607664296,1.171706157260471,0.010522943551445172,35.68911675347222,0.6146061420440674,0.0005647243404786826,0.5973854734449621,0.892978866232766,0.004748598747472796,0.0,0.6202939305040571,0.00038200675205896713,0.9260523185934397,0.9510043044884999,0.011272634990099404,0.0,0.6230533487266965,0.00034735913892897465,0.8021061184145926,0.9870276563697391,0.009010711272195396,0.05166461847236554,1.9562302867571513,0.020291946546381546,0.0,0.5844614181253646,0.00041403786486221686,0.09032627657672426,1.4206994189156426,0.012600073616744744,2.2963960792197535,0.8219931198490991,0.010057777341636312,0.06957757877885729,1.4759120318624708,0.017368035191773542,0.0,0.5865775750743019,0.000449529713498325,0.0,0.607711500591702,0.0003670892157566009,0.47265615388963467,0.9493138333161671,0.009354134845650858,0.0,0.5692721207936605,0.00040001506018193646,0.0630685250587515,1.706102689107259,0.01935886790872448,0.659293968318943,0.9524431513415442,0.006463258382346895,0.0,0.5722292370266384,0.00040564608611425176,0.8448425287881614,0.8332181546423171,0.011795162273726116,4.9861536716106025,0.8485802094141642,0.036528314199919504,0.6520418060355524,1.109481061829461,0.013267215175761116,0.13730102106928826,0.4842066167526472,0.0,0.4574428164087171,0.8872887581680619,0.0,0.950931070069451,0.44739088932973703,0.21323884332498114,0.7631678827859172,0.5919373565078145,0.871609877298536,0.6706241592675334,0.0,0.4297327760203048,0.0,0.6828772053292905,0.0,0.760698890948274,0.9503312999152831,0.0,0.8826295641562207,0.539641264808443,0.9408667012554313,0.0,0.0,0.8147481460609655,0.0,0.943158528601758,0.844740347945588,0.0,0.6204834898711734,0.4294780598204122,0.8015938081908185
19,0.12406070811880959,0.0,0.5517193264431424,0.0003217356295661173,1.9947622898492994,0.8914220531781515,0.008951782939645152,0.1637578487065404,1.0579340669843886,0.006494234649774929,0.0,0.6163507991366917,0.0003869174717692658,0.04696349192407564,1.901583649052514,0.017723445216607715,0.4597403045728762,0.9910873817072974,0.008884608127280242,2.14041887885785,0.7987273348702325,0.004550533718429506,2.7816625596431375,0.9670318371719784,0.006603052384323544,0.9539988385958182,0.9469831638866001,0.010157555183913146,0.19804198746185528,1.166235203213162,0.009112570439982745,0.5273794484077361,1.172464840941959,0.012106796072071626,35.037516276041664,0.6146194179852803,0.000552639575713935,0.6155289899119227,0.8935205439726511,0.004911562157536132,0.0,0.6202998148070441,0.00037959919524534295,0.886982553380546,0.9518005417452918,0.01104773048363212,0.0,0.623075227604972,0.0003450997924018237,0.772370206618297,0.9876489129331377,0.008153504553613149,0.051790362356326114,1.957504353258345,0.020541487261652946,0.0,0.5844862964418199,0.00041159313210907084,0.09235217508654363,1.4215702374776205,0.013170629336188237,2.2449987325597447,0.8223267409536573,0.009366836252674047,0.06818921996727242,1.4768912805451286,0.0172357311937958,0.0,0.5866056786643135,0.0004400610690936446,0.0,0.6077271262804668,0.0003645406622025702,0.4537025674828501,0.9499592807557847,0.008526884124148638,0.0,0.5693018019199372,0.00039759930999328695,0.06280683021641666,1.7071880049175687,0.01898287184950378,0.606644897166665,0.9530202600691053,0.006150772145742343,0.0,0.5722456481721666,0.0004036843362781737,0.7584182287880926,0.8340185748206245,0.010433239783419089,4.885404669269058,0.8491350902451409,0.03449123140631451,0.6395602454098388,1.1102955102920533,0.012455523862606949,0.13185923993587495,0.4858645446732927,0.0,0.4718021297290134,0.8883361538409172,0.0,0.9520368161777315,0.43174067858750736,0.21002574598799675,0.7547920894956367,0.5965048756304608,0.8726804910353139,0.6742630603826857,0.0,0.42229345752704434,0.0,0.6865996608667639,0.0,0.764484522635022,0.9547467813577872,0.0,0.8955132685239564,0.538400341618722,0.9409527693438557,0.0,0.0,0.8136567314222113,0.0,0.9443663345406291,0.8496213887381346,0.0,0.6386087576273398,0.4433988848547992,0.8028404896218391
20,0.12239763794673814,0.0,0.5517402152220409,0.00032101413655456984,2.006279445182721,0.891860564549764,0.008256285560006897,0.16145681324935285,1.058686007393731,0.0063788001322084,0.0,0.6163758496443431,0.00038564789671606076,0.046176926608676006,1.9028010580274795,0.017343323993393115,0.43009928335901254,0.991959833436542,0.008679575410981973,2.1117013301411847,0.7989947213066949,0.00428459319518879,2.8138805676132503,0.9676007833745744,0.006302992637372679,0.9331147040541118,0.9476350314087338,0.009685820923186839,0.1954746485205368,1.1671523279613918,0.008854497425879041,0.5356093971110509,1.1730714943673877,0.011028056715925534,34.68173828125,0.6146329734060499,0.0005513637342826566,0.5981176782219453,0.8940453145239088,0.004582433710392151,0.0,0.6203058865335253,0.0003782894539957245,0.8729038711241963,0.9525236884752909,0.009938612492341134,0.0,0.6230972091356913,0.0003436139441974875,0.7402704540683079,0.9882060236401028,0.007831399595468408,0.05148971709920462,1.9586434642473856,0.019862232284827364,0.0,0.5845113217830658,0.00041052059419194445,0.09103073402297615,1.4225738167762756,0.013045099336240026,2.2700612097876687,0.8226535254054599,0.008640652840646605,0.06990058628909004,1.477830872270796,0.017211919653022455,0.0,0.5866338127189212,0.0004402158338861126,0.0,0.6077427215046353,0.00036319081264082345,0.44364476985332507,0.9505141311221652,0.008198917974045292,0.0,0.5693315558963352,0.0003976458563960882,0.06049630874647036,1.7082750346925524,0.018749438360747363,0.5834573154510109,0.9535466035207113,0.005782842162686089,0.0,0.5722621844874488,0.0004031328736649205,0.7729955586183461,0.8346768644120958,0.010082976072509256,4.82631676075604,0.8498724904325273,0.03385379619689451,0.628189760096457,1.111026860607995,0.011811555083841085,0.13019127771258354,0.4864119811409176,0.0,0.4636162781417057,0.8883358354804232,0.0,0.9527047822675307,0.429391142732955,0.21321611365874116,0.7659071041730078,0.5943829765292257,0.8719560493934118,0.6796601411803979,0.0,0.42197273916810457,0.0,0.6890752225977977,0.0,0.761902227799214,0.9561001075534833,0.0,0.9016561382386635,0.5366164805054751,0.941073594000837,0.0,0.0,0.8085588676695197,0.0,0.9451603114788192,0.856922744083365,0.0,0.6348639720496801,0.4449183327141239,0.8071922350928812
21,0.12117237448692322,0.0,0.5517606973648072,0.0003154280454812882,1.9248078065212275,0.8922776752048068,0.007744755519605759,0.161408629540637,1.0595322370529174,0.006266506192170911,0.0,0.616400439871682,0.00037955653161690053,0.04590200977564573,1.9040660169389514,0.01689638562190036,0.37530300674854916,0.9929477393627166,0.008694135162255003,1.9080968711946364,0.7992315683099959,0.004031151612030549,2.7103128324137282,0.9681440042124854,0.006029409560788837,0.9224796931447788,0.9483499083254072,0.00935608789893902,0.19147102674137734,1.168109248744117,0.008647200092673302,0.5245442729163909,1.1738234612676832,0.01124501427790771,34.42925347222222,0.6146461619271173,0.0005399919642109631,0.5654076490987382,0.8945794820785522,0.00446748670268183,0.0,0.6203113787704044,0.00037167411420442576,0.8498648969509953,0.9533156944645775,0.010153030922325949,0.0,0.6231187125047047,0.0003381586491337253,0.7379344652004294,0.9889065278900995,0.007310976701167722,0.05060488087032687,1.9599887013435364,0.01930610141199496,0.0,0.5845357855161031,0.00040382340537487634,0.08965599772816654,1.4236432062255011,0.012562541221268476,2.339584759884644,0.823087164428499,0.008656563840082123,0.0682070980408905,1.4788662672042847,0.017090428698187072,0.0,0.5866615626547071,0.0004277756990632042,0.0,0.6077578332689073,0.00035614857463062637,0.42160881137467465,0.9511262860563067,0.007772277074400336,0.0,0.5693606787257725,0.0003904549631341878,0.06121333022070375,1.7094227963023716,0.018663773188988368,0.5899203617564714,0.9540691965156132,0.005542344060571244,0.0,0.572278047270245,0.00039598198329460704,0.7296049119474673,0.8354620138804117,0.010182671774075263,4.771543974146614,0.8502965682082706,0.03319859302395748,0.6262676317669555,1.1117745571666293,0.011936156552595396,0.13503496050834657,0.4850686231556069,0.0,0.48083164194539296,0.884249883198807,0.0,0.9525728532141272,0.42985687893622976,0.21252465969347473,0.7584952467275607,0.5923358156374993,0.8687874727041096,0.6758845886569268,0.0,0.42207872887769665,0.0,0.6879758929141988,0.0,0.7480564773642339,0.9532402648837168,0.0,0.8948563780682013,0.5346553239198358,0.9408496098544987,0.0,0.0,0.8129575905968676,0.0,0.9445257954530268,0.8555945762877745,0.0,0.6324948675397192,0.4346673089090303,0.8047040855964903
22,0.1200385868549347,0.0,0.5517808205551571,0.0003151791815374357,1.8964840717132594,0.8926792409684923,0.00744375920880379,0.15860895920522441,1.0603493902418348,0.006190063651754624,0.0,0.6164247565799289,0.0003802986391949364,0.04491969939116556,1.905323976940579,0.01659697981344329,0.4120937721209723,0.9938665118482378,0.00854976190150612,1.9795443664472798,0.7994367612732781,0.0038405304328383255,2.7469433326533457,0.9687296562724643,0.0060689568791228036,0.8880501066253299,0.9489965644147661,0.009198726247996091,0.19184711511696004,1.1690547969606189,0.008572681139533718,0.5268255717217308,1.1744202693303427,0.01117029803701573,34.19832628038194,0.6146596974796719,0.0005377488828445268,0.5730083342393281,0.8950909753640492,0.004351320483773533,0.0,0.6203169047832489,0.0003733300202940073,0.8362123649707445,0.9540392835934957,0.009444864875533514,0.0,0.6231398801008861,0.0003376595171478887,0.7185923987788313,0.9895018074247572,0.007226269573180212,0.05139325444806176,1.9611779080496894,0.019394600086121094,0.0,0.5845600167910258,0.00040396035571272173,0.08851916258622414,1.4245930353800456,0.012600744319044881,2.263654628671482,0.8235117468569014,0.008131193209232555,0.06884536910290226,1.4797600600454541,0.0172100709984079,0.0,0.5866890827814738,0.00042866142919390567,0.0,0.6077729529804654,0.0003581493200423817,0.43725771519380413,0.9516487969292535,0.007960706147261791,0.0,0.5693897267182668,0.00039283398299529734,0.06059932706713912,1.7104831682311163,0.018518072661633293,0.587741999420255,0.9545707159572178,0.00534320979560208,0.0,0.5722939868768057,0.000398325180544311,0.7030467155810399,0.8362128429942661,0.009544023774409046,4.696212163863584,0.8511185453997718,0.032474925151715676,0.6238599374199293,1.1124996556176079,0.011366131492993897,0.1316496565937996,0.4861044324316198,0.0,0.4840597892501285,0.8888631090582819,0.0,0.9520540303094982,0.4229645868608385,0.21524154530054132,0.7579663277468566,0.5943084293053102,0.8707756631301831,0.6784385996619731,0.0,0.4124595169258319,0.0,0.6871668050812025,0.0,0.7596091608249946,0.9567815377469099,0.0,0.9016357617620591,0.5364355329546507,0.9411300715020351,0.0,0.0,0.8107458420053115,0.0,0.9448209569908826,0.8568221600156161,0.0,0.6403203009337226,0.439349244915668,0.8033928655293392
23,0.1190756883058283,0.0,0.5518002337879605,0.00030963481614081605,1.891593246421064,0.8930544131331973,0.007393682097447001,0.15893865895434886,1.0611646956867642,0.006083080695114202,0.0,0.6164481295479669,0.00037469489875042604,0.04444224439822134,1.906575428114997,0.01647120584319863,0.4050093656979056,0.9945286598470476,0.008415621218995915,1.826374077717388,0.7997146268685659,0.0035699103253945294,2.5283766152579017,0.9692904300159878,0.005774985244756357,0.8921743982739267,0.9497238013479444,0.009031902835704386,0.18862555261018588,1.1699917488627964,0.008276541236167152,0.5226975357899617,1.1751656174659728,0.011051063389620848,34.12095811631944,0.6146723051865896,0.0005278610051997627,0.5950736557051187,0.8955642322699229,0.004558229741329948,0.0,0.620321618186103,0.000365796908024802,0.83583791810025,0.9548395686679416,0.009561600590435168,0.0,0.6231601854165395,0.00033258845926158957,0.726006431356631,0.9900895012749567,0.006972771461328698,0.0506363472781827,1.962482456366221,0.019277531472552154,0.0,0.584583271212048,0.0003979990611292629,0.09064958421721866,1.4255084660318162,0.013108174435587393,2.227037736951867,0.8239377068148719,0.008168857228398944,0.06742456806013708,1.4808497097757127,0.01674215880015658,0.0,0.5867156849967109,0.00041842686769086865,0.0,0.6077868845727709,0.00035130657908868875,0.43363067923014026,0.9521678686141968,0.00770103208358503,0.0,0.5694174985090892,0.0003854319003746948,0.06028797932375404,1.7115946014722188,0.01811631862591538,0.5745691839838655,0.9551071974966261,0.005146158353373822,0.0,0.5723090118832058,0.0003902098231871302,0.695204778487815,0.8367620454894171,0.009445198714577904,4.6358916228826414,0.8518801351388295,0.031926131724483435,0.604710310692795,1.1133194499545627,0.011749160388070676,0.15058243051171302,0.4825960582162754,0.0,0.4759727351639135,0.8891637981685058,0.0,0.9479362639648485,0.43425619820123984,0.22176423084170396,0.7621917767505104,0.5896297233943298,0.8718694375074254,0.6602024706977321,0.0,0.4086928422128658,0.0,0.6813433341101168,0.0,0.7648083773154539,0.94093566413604,0.0,0.8564480340324554,0.543429962254151,0.9408103756375281,0.0,0.0,0.8120213513529553,0.0,0.9421542203212658,0.8534978443115746,0.0,0.6319461976209025,0.41529117210759503,0.7987078528176983
24,0.11726795211434364,0.0,0.551811283826828,0.0003090127615400383,1.8140971750745898,0.8932717508739896,0.0066711747656679815,0.1598882183787926,1.0616086800893147,0.006012342465368824,0.0,0.616461479001575,0.0003723022654109324,0.04425815609117143,1.9071657538414002,0.016012732922616933,0.3756868669433874,0.9949877361456553,0.008358022950900098,1.9510255954049833,0.7997947216033936,0.00384266414718392,2.5637165407182683,0.9695704751544528,0.005782375304907974,0.8804100037018607,0.9500388655397627,0.00834536439118286,0.1846323361525387,1.170502003033956,0.008041200675587687,0.5297601229311876,1.1755138330989414,0.010473553805301588,33.63129340277778,0.6146797822581397,0.0005254081463337772,0.5364917211886334,0.8958716829617818,0.004111969167004443,0.0,0.6203244003984664,0.00036522235346233677,0.8137681371159363,0.9552506506443024,0.008960753257593348,0.0,0.6231718546814389,0.0003309926322092199,0.683326554307079,0.9904791414737701,0.006690039617630343,0.04933699285437312,1.9631702926423815,0.018254691486557326,0.0,0.5845964637067583,0.0003966400348063972,0.08562174508110186,1.4260789844724866,0.012277405496893658,2.1676945613265635,0.8241535312599606,0.007326409818940899,0.06906498078976955,1.4812992956903246,0.01705085827658574,0.0,0.5867308623260922,0.000418136983191491,0.0,0.607794725894928,0.0003484989998267136,0.4118526911335015,0.9525288217597537,0.007097994934560524,0.0,0.5694334162606134,0.0003858009974161784,0.05902351592631017,1.7122242556677925,0.018103941545511284,0.5734253779106883,0.9553856518533494,0.004975308926724311,0.0,0.5723175936275058,0.0003895619525186097,0.6477861137198856,0.8371701094839308,0.008369972646081199,4.557286818207599,0.8523029883702596,0.03047242913291686,0.6214048403378154,1.1136675622728136,0.011186832502587802,0.1452875852584839,0.4835947418478092,0.0,0.4773137892079432,0.8877588079176283,0.0,0.9489607406308262,0.436354702943337,0.22214746435922664,0.7641666650015361,0.5894740618923059,0.8717225803441956,0.6628257864536585,0.0,0.4115322591249024,0.0,0.6801360271557613,0.0,0.7631003493091175,0.9463644119706169,0.0,0.8728863217994294,0.5445097417134155,0.9409295992738554,0.0,0.0,0.8129337827494643,0.0,0.9419594852486908,0.8506110870815784,0.0,0.6351299159153594,0.4146873091712296,0.7995268498658188
25,0.11708492686351141,0.0,0.5518131302462683,0.0003090714940400277,1.8042903581920724,0.8933191849125757,0.006601093443007105,0.1569797971289237,1.0616996473736233,0.005873183666780177,0.0,0.6164639525943332,0.0003724969215303039,0.04414487744928378,1.907294601864285,0.015934565808210108,0.3662091920023917,0.9950772497389052,0.008324848992439607,1.897016822398248,0.7998279684119755,0.0036751884857140894,2.551188801514306,0.9696308069758945,0.005719097442407575,0.8708481825036078,0.9501094261805216,0.008327360244260893,0.18609924913252926,1.1705940776401096,0.008146163787589304,0.5184018274534661,1.175597205426958,0.010445718731110295,33.65417209201389,0.6146811505158742,0.0005248459508746035,0.5371562823121887,0.8959239562352498,0.004038605493648598,0.0,0.6203245355023278,0.00036550728254951536,0.8106086636126963,0.9553362985452016,0.008697692648921576,0.0,0.6231741322411432,0.0003309669690982749,0.6910250666194311,0.9905331479178534,0.006626284836481015,0.05005881510617549,1.9632779982354907,0.018466331194051437,0.0,0.584598657157686,0.00039629928974641693,0.08657171042380227,1.4261797467867534,0.01226069111790922,2.196414672657436,0.8241860210895539,0.007398178229211933,0.06825771008965535,1.481414666440752,0.016963237622338864,0.0,0.5867337114281125,0.00041773678579678136,0.0,0.6077954610188802,0.000349194954873787,0.4161212777212091,0.9525745226277246,0.00710808533994067,0.0,0.5694365097416771,0.0003854450058295495,0.05879993044665704,1.7123317347632514,0.018078514649015335,0.581781252972532,0.9554309851593441,0.0050133762441368565,0.0,0.5723189989725749,0.00038957417806765687,0.6639013948110036,0.837218146191703,0.008584199279236296,4.556408211353029,0.8523537271552616,0.030309906964086825,0.6089353405774555,1.1137641655074226,0.010890056606796053,0.14433706253767015,0.48356027442176364,0.0,0.47601650125856365,0.8864547090546278,0.0,0.9495427168718878,0.43370106206195047,0.21932351878573164,0.765074632849138,0.5891308199372297,0.871470241776179,0.6647792904231794,0.0,0.4114073091430163,0.0,0.6813574021862883,0.0,0.7603241684201947,0.9465156465901992,0.0,0.8720597003531244,0.5443630328108384,0.940890632234441,0.0,0.0,0.8132233151754529,0.0,0.9425232645462899,0.851422542451077,0.0,0.6352683472814589,0.41867655411395466,0.8004033731716154
26,0.11695745893650585,0.0,0.5518150322967106,0.0003083070415110948,1.84813653686198,0.8933479607105255,0.006768202943365193,0.15731852586353118,1.0617771638764275,0.0059185016706275444,0.0,0.6164663838015663,0.0003717546538812005,0.04411925289694672,1.9074205027686224,0.015837911723388567,0.36740581797007926,0.9951665004094442,0.008306808358368774,1.8829961689369967,0.7998532553513845,0.0036086761890651866,2.5520458055432633,0.9696905434131622,0.005702709358754671,0.869470237602909,0.9501800967587365,0.008319942839443683,0.18560109366193672,1.1706896450784472,0.008089310062738756,0.521145551023978,1.1756633745299445,0.010433914760748545,33.664944118923614,0.6146824989053938,0.000523560579879106,0.5465358644471993,0.895967165629069,0.004073745841419118,0.0,0.6203245513968998,0.00036471900400809117,0.8185013973148448,0.955408188369539,0.008779834309178922,0.0,0.62317643099361,0.00033019512872366853,0.696501344810092,0.9905942996342977,0.006652154302638438,0.04968175493513251,1.9634181724654303,0.018348302480040324,0.0,0.5846007903416951,0.0003956195161057015,0.08723183224497505,1.4262679325209724,0.01227594099731909,2.1921514766194177,0.8242339438862271,0.007368436834723172,0.06850868394559062,1.48151818646325,0.016926164700028796,0.0,0.5867364784081777,0.0004167725807443882,0.0,0.6077961802482605,0.00034858450041307755,0.41925564289956746,0.9526273197597928,0.00711330828231035,0.0,0.5694394965966543,0.00038467525510996995,0.05828293009620969,1.7124555852678087,0.01802851822641161,0.5724220330480374,0.9554896420902677,0.004928269325238135,0.0,0.5723202579551273,0.00038865535267783947,0.6759177924363448,0.8372674849298265,0.008758898457098338,4.548299571997604,0.8524268839094374,0.030415463007779586,0.6016117040409198,1.1138508624500698,0.010827335117695232,0.14711596667766572,0.48285010088478975,0.0,0.47852239905242994,0.886090568500291,0.0,0.9486712523508498,0.4311211864632492,0.22299301704532265,0.7580968403286497,0.5934541290848265,0.8715221337489819,0.661431239276564,0.0,0.4064994744043071,0.0,0.6801264606396047,0.0,0.7644835956027837,0.9454622818281274,0.0,0.8695150118530265,0.5449615853697249,0.9408374202410519,0.0,0.0,0.8126770547588464,0.0,0.9419924599390429,0.8493470596791557,0.0,0.6355298612813246,0.4092601413335454,0.7986080555315659
27,0.11675390029946962,0.0,0.5518159866333008,0.00030827075679553675,1.811824513073066,0.8933749894301096,0.006624485535495397,0.1560486662441957,1.0618252264128791,0.0058460949622612035,0.0,0.6164676547050476,0.00037166196658896904,0.04367223194821667,1.9075066089630126,0.01574628400719828,0.3699778119028522,0.9952198697461022,0.008277727156463596,1.8354605212290296,0.7998713089360131,0.0035073444551219127,2.554616310823386,0.9697184880574544,0.005690659960317943,0.8775454227789711,0.9502092387941149,0.008237412773693602,0.18437252596072987,1.1707424415482415,0.008043134577261905,0.5197018126777803,1.1757043984201219,0.010353650473472144,33.63655327690972,0.6146831075350444,0.0005226566850776887,0.549979320810515,0.8959956506888072,0.004093099989566125,0.0,0.6203245315286848,0.0003643651179219079,0.8216031637539465,0.955445549223158,0.008642203712628947,0.0,0.623177542289098,0.0003300127773804383,0.6975588502500112,0.9906235562430488,0.006634969837290959,0.049815999589762704,1.963482047451867,0.018332315577814975,0.0,0.584601824151145,0.00039525760350645416,0.08742843336743632,1.4263184388478598,0.012283799248851007,2.1884703819855864,0.8242579281330109,0.007292092757739334,0.06797938842222684,1.4815793103641934,0.016831583752193385,0.0,0.5867378493150075,0.00041612287750467656,0.0,0.607796483569675,0.0003484774228935647,0.4151917754849261,0.952658599615097,0.007055732518589745,0.0,0.5694409463140699,0.0003842841248519512,0.05851970718911033,1.7125062028566995,0.01797515515031086,0.5689024459002702,0.955518799357944,0.004860584653862235,0.0,0.5723209381103516,0.00038832381509968804,0.6710914944045864,0.8373030298286014,0.008653754171811872,4.545763480174015,0.8524440308411916,0.030171219802772004,0.5944673695280505,1.1138976454734801,0.010646039459647403,0.13475318625569344,0.48600366908452386,0.0,0.47497164684492554,0.8892888177205043,0.0,0.9511047171500895,0.4332933530479135,0.21646700582808537,0.7657823293528281,0.5913713603380965,0.8729936389128593,0.6722033348349621,0.0,0.41119575554272575,0.0,0.6865141565032978,0.0,0.7649819061093428,0.9537429123294855,0.0,0.894548345480698,0.5399228888593492,0.9409760878197714,0.0,0.0,0.8080338779056945,0.0,0.9441378000354959,0.8567283071702698,0.0,0.640474179287092,0.4381186309513537,0.805266358679926
28,0.11674200519919395,0.0,0.5518159866333008,0.00030821571514631313,1.8083036302061073,0.8933789981736078,0.006612116582174268,0.15614482416001077,1.0618338055080838,0.005849165765620354,0.0,0.6164677023887635,0.00037159973322155163,0.04365967852747347,1.9075198888778686,0.01573846973478794,0.3695361390059023,0.9952307065327962,0.008272217472808228,1.8337132512610326,0.7998738474316067,0.003502091105070172,2.5501816713040055,0.969724855820338,0.005675718188285828,0.8762548364149513,0.9502178894148933,0.008235010339154138,0.18443761331183264,1.1707517253028021,0.008045559350608123,0.51927990679047,1.1757127046585083,0.010358543225771023,33.63446180555555,0.6146828658050961,0.0005224962072033022,0.5497242253889398,0.8960005919138591,0.004090929931650559,0.0,0.620324448744456,0.00036429966211370707,0.8215557033141956,0.9554535117414262,0.008639551132606964,0.0,0.6231774343384637,0.00032995487595649644,0.6978052577297308,0.9906299359268612,0.006638451977374239,0.049813863263133244,1.9634951882892184,0.018330685266604026,0.0,0.5846016440126631,0.0003951950066645319,0.08746876282381168,1.4263284815682304,0.0122881052394708,2.186192783455864,0.8242627521355946,0.007282334767902891,0.06794104874116386,1.4815906922022501,0.01682598268509739,0.0,0.586737785074446,0.00041598792174934513,0.0,0.6077963822417789,0.00034842182422936376,0.4157242723802724,0.9526635613706377,0.007056075070674221,0.0,0.5694407727983263,0.0003841953753079805,0.05852148062686561,1.712517375416226,0.0179688375753661,0.5694404578625805,0.9555234101083544,0.004867519224838664,0.0,0.5723209381103516,0.00038823553800789844,0.6697729825825368,0.837311264541414,0.008635459586770998,4.545770954058193,0.8524466256300608,0.03015050945493082,0.5947608615302908,1.1139045079549155,0.01065281555832674,0.1531210221350193,0.4812606802591768,0.0,0.48164100594988357,0.8857616326937195,0.0,0.9487182334522395,0.4249505012750291,0.21827049857349926,0.7535754331012319,0.5915198993416146,0.870383634296911,0.6561450716560475,0.0,0.40870177757670156,0.0,0.6795802716899646,0.0,0.7550771188108303,0.9401358506945844,0.0,0.8560797353192623,0.5457079697589894,0.9407098276765404,0.0,0.0,0.8153546010655397,0.0,0.9411185059187582,0.8509116916530697,0.0,0.6317551407305683,0.405963483530695,0.7982798835279776
29,0.11673148084017966,0.0,0.5518159992165036,0.0003081761971568792,1.8122806653625592,0.8933815386560228,0.006625150962887952,0.15623577794975854,1.0618414839108785,0.005854621639526967,0.0,0.6164677302042644,0.00037165165219145516,0.04365383506498927,1.9075328085157606,0.015732730092066858,0.36993548260063513,0.9952390942308638,0.008271828666329384,1.83178183040709,0.7998757084210714,0.003497744472568027,2.552158112723223,0.9697298924128215,0.005682735083003839,0.8750921440644637,0.9502249280611674,0.008226743687151207,0.18456323050832443,1.1707609997855293,0.008049930689028567,0.5187086628792333,1.1757201472918193,0.01035440939012915,33.634326171875,0.6146826220883264,0.0005225780158070847,0.5503282924134474,0.8960057152642145,0.004089031210686597,0.0,0.6203243460920121,0.0003642730421334919,0.8195667521647023,0.9554613113403321,0.008625957258563076,0.0,0.6231773303614723,0.0003299688390042219,0.6975010039150361,0.9906365262137519,0.006633202789817006,0.04983692065381932,1.9635073767768012,0.018342116785546144,0.0,0.5846015135447185,0.00039523334125988183,0.08742032707023034,1.4263383971320258,0.012280745488694973,2.1867489908022657,0.8242669390307532,0.007284165616793972,0.0679641586727435,1.4815996514426337,0.016829739816279873,0.0,0.5867377036147647,0.00041602585438845884,0.0,0.6077962577342987,0.0003484319048261063,0.4157631995723738,0.9526686959796482,0.007055647005068345,0.0,0.5694406019316779,0.00038424574563072786,0.058512049365820475,1.7125285479757522,0.017966439885397752,0.5697434482975248,0.9555281844404009,0.0048672181748164196,0.0,0.5723209381103516,0.0003882730266519098,0.6709206333813523,0.837316428290473,0.008650091855735,4.5431566879006,0.8524561689959632,0.03017716910172668,0.5962885411617438,1.113910230000814,0.010667113708849582,0.13473043218255043,0.4852918377320751,0.0,0.4764969573857532,0.8868083525423647,0.0,0.9517268533364378,0.42298028309292635,0.2182494865505757,0.7556830454855252,0.5932742026005304,0.8717316153811547,0.6738477495099826,0.0,0.4107251400662733,0.0,0.6861866693338659,0.0,0.7561459905426672,0.9549839630202293,0.0,0.8982161661441843,0.5434680529725271,0.9409554684217805,0.0,0.0,0.8128634759170623,0.0,0.9438967004677037,0.8580716802986308,0.0,0.6362409688642107,0.43282887106710266,0.8039571144249154
30,0.11672115897138914,0.0,0.5518160137865279,0.0003082056652702805,1.809616028936322,0.8933859493997361,0.00661416718762161,0.15645165143054657,1.0618489914470248,0.005864798285377522,0.0,0.6164677739143372,0.00037169445293127663,0.04367029254596795,1.9075444870524936,0.01573113426566124,0.36969072871487274,0.9952475673622555,0.008268604311160744,1.8313177364347584,0.7998781482378642,0.003495496290916991,2.5506282637211584,0.9697354800171323,0.005677679721783433,0.8729760175682412,0.9502332912551033,0.008227215433079336,0.18461838063575342,1.1707697987556458,0.008049526937409408,0.5182718834173147,1.1757274097866481,0.010347545835086042,33.63719889322917,0.6146823902924855,0.0005225712087445168,0.5495472227998627,0.8960106492042541,0.004084198681327204,0.0,0.6203242911232842,0.0003643506510545396,0.8197347163000996,0.9554690168963538,0.008626389394824704,0.0,0.6231772204240164,0.00032999876097569036,0.697912082808238,0.990642026397917,0.006635122778566761,0.04986687402087353,1.963519243399302,0.01835432099695835,0.0,0.584601366519928,0.0003952808784864222,0.08740935618569598,1.4263489617241754,0.012279791110712621,2.188288015062719,0.8242707080311246,0.007285855306933323,0.0678566040444253,1.4816111551390754,0.01681288107712236,0.0,0.5867376453346677,0.00041603937958522387,0.0,0.6077961418363783,0.00034851998595210413,0.41641067957140415,0.9526727404859331,0.007058976187060277,0.0,0.5694404317273034,0.0003842684708716762,0.05859009635988204,1.712537666161855,0.017961290028567115,0.5694467367585095,0.9555329779783884,0.004870523302815855,0.0,0.5723209381103516,0.0003883441725823407,0.6697531943975507,0.8373238205909729,0.008634148178518646,4.541659847624452,0.8524656289153629,0.03016046221471495,0.5962755841654429,1.1139183786180284,0.0106630107620731,0.14215806052088736,0.48394258236349375,0.0,0.47839429943922857,0.8861475167924242,0.0,0.9494397531956343,0.43018368528085615,0.22237823722537753,0.7589817145984352,0.5921724925245867,0.8719017120295405,0.6658410456592205,0.0,0.41074354265517954,0.0,0.6814083972233014,0.0,0.7633117707222873,0.9494299638883223,0.0,0.8804854113008856,0.5435601190454221,0.9409568689005015,0.0,0.0,0.8125323269700679,0.0,0.942674705887699,0.8507681021117847,0.0,0.6362267843605806,0.41783545200394423,0.8007887338165199
